Tempo;Densidade;Assortatividade;Clusterizacao;Grau_medio;Numero_de_arestas;Numero_de_vertices
3900.0;1.0;nan;0.0;1.0;1;2
3960.0;1.0;nan;0.0;1.0;1;2
4020.0;0.2;nan;0.0;1.0;3;6
4080.0;0.2;nan;0.0;1.0;3;6
4140.0;0.3333;nan;0.0;1.0;2;4
4200.0;0.6667;-1.0;0.0;1.0;2;3
4260.0;0.3333;nan;0.0;1.0;2;4
4320.0;1.0;nan;0.0;1.0;1;2
4380.0;1.0;nan;0.0;1.0;1;2
4440.0;1.0;nan;0.0;1.0;1;2
4500.0;0.3333;nan;0.0;1.0;2;4
4560.0;1.0;nan;0.0;1.0;1;2
4620.0;1.0;nan;0.0;1.0;1;2
4680.0;1.0;nan;0.0;1.0;1;2
4860.0;1.0;nan;0.0;1.0;1;2
4980.0;1.0;nan;0.0;1.0;1;2
5520.0;1.0;nan;0.0;1.0;1;2
5760.0;1.0;nan;0.0;1.0;1;2
5820.0;1.0;nan;0.0;1.0;1;2
5940.0;1.0;nan;0.0;1.0;1;2
6360.0;1.0;nan;0.0;1.0;1;2
6660.0;1.0;nan;0.0;1.0;1;2
8760.0;1.0;nan;0.0;1.0;1;2
9720.0;1.0;nan;0.0;1.0;1;2
9840.0;1.0;nan;0.0;1.0;1;2
9960.0;1.0;nan;0.0;1.0;1;2
10020.0;0.6667;-1.0;0.0;1.0;2;3
10080.0;1.0;nan;0.0;1.0;1;2
10320.0;1.0;nan;0.0;1.0;1;2
10860.0;1.0;nan;0.0;1.0;1;2
10920.0;1.0;nan;0.0;1.0;1;2
10980.0;1.0;nan;0.0;1.0;1;2
11520.0;1.0;nan;0.0;1.0;1;2
12660.0;1.0;nan;0.0;1.0;1;2
12900.0;1.0;nan;0.0;1.0;1;2
12960.0;1.0;nan;0.0;1.0;1;2
13020.0;0.3333;nan;0.0;1.0;2;4
13080.0;1.0;nan;0.0;1.0;1;2
13140.0;1.0;nan;0.0;1.0;1;2
13200.0;0.1111;nan;0.0;1.0;5;10
13260.0;0.3333;nan;0.0;1.0;2;4
13320.0;0.3333;nan;0.0;1.0;2;4
13380.0;0.2;nan;0.0;1.0;3;6
13440.0;1.0;nan;0.0;1.0;1;2
13560.0;1.0;nan;0.0;1.0;1;2
13620.0;1.0;nan;0.0;1.0;1;2
13680.0;1.0;nan;0.0;1.0;1;2
13740.0;0.3333;nan;0.0;1.0;2;4
13800.0;0.2;nan;0.0;1.0;3;6
13860.0;0.2;nan;0.0;1.0;3;6
13920.0;0.1905;-0.3333;0.0;1.0;4;7
13980.0;0.1111;nan;0.0;1.0;5;10
14040.0;0.0769;nan;0.0;1.0;7;14
14100.0;0.0762;-0.1429;0.0;1.0;8;15
14160.0;0.0735;1.0;0.1765;1.0;10;17
14220.0;0.1111;nan;0.0;1.0;5;10
14280.0;0.0897;-0.1667;0.0;1.0;7;13
14340.0;0.1091;-0.2;0.0;1.0;6;11
14400.0;0.0667;nan;0.0;1.0;8;16
14460.0;0.0571;1.0;0.1429;1.0;12;21
14520.0;0.0467;0.1515;0.0;1.0;14;25
14580.0;0.0423;-0.3333;0.0;1.0;16;28
14640.0;0.0667;nan;0.0;1.0;8;16
14700.0;0.1111;nan;0.0;1.0;5;10
14760.0;0.3333;nan;0.0;1.0;2;4
14820.0;0.0879;-0.3333;0.0;1.0;8;14
14880.0;0.0719;0.6071;0.1667;1.0;11;18
14940.0;0.0632;-0.5;0.0;1.0;12;20
15000.0;0.0588;nan;0.0;1.0;9;18
15060.0;0.0879;-0.3333;0.0;1.0;8;14
15120.0;0.0667;nan;0.0;1.0;8;16
15180.0;0.0667;nan;0.0;1.0;8;16
15240.0;0.0526;nan;0.0;1.0;10;20
15300.0;0.0471;-0.1818;0.0;1.0;13;24
15360.0;0.0353;0.1429;0.0857;1.0;21;35
15420.0;0.0414;-0.2366;0.0;1.0;18;30
15480.0;0.0264;0.5614;0.0;1.0;25;44
15540.0;0.027;-0.0526;0.0;1.0;20;39
15600.0;0.0263;0.218;0.0667;1.0;26;45
15660.0;0.0255;-0.15;0.0;1.0;23;43
15720.0;0.0299;0.5291;0.0775;1.0;27;43
15780.0;0.02;0.5141;0.0517;1.0;33;58
15840.0;0.0357;0.3377;0.0686;1.0;20;34
15900.0;0.0227;-0.1299;0.0;1.0;29;51
15960.0;0.0241;0.5676;0.0321;1.0;32;52
16020.0;0.0363;0.0357;0.0;1.0;18;32
16080.0;0.0271;-0.1365;0.0652;1.0;28;46
16140.0;0.0369;-0.0714;0.0;1.0;15;29
16200.0;0.037;0.172;0.0857;1.0;22;35
16260.0;0.0471;-0.1818;0.0;1.0;13;24
16320.0;0.0339;-0.1969;0.0;1.0;19;34
16380.0;0.0341;-0.2;0.0;1.0;18;33
16440.0;0.0431;-0.1667;0.0;1.0;14;26
16500.0;0.0337;0.3506;0.1538;1.0;25;39
16560.0;0.0249;0.7519;0.2308;1.0;33;52
16620.0;0.0222;0.3101;0.0;1.0;42;62
16680.0;0.0296;0.6154;0.1439;1.0;28;44
16740.0;0.022;0.679;0.1556;1.0;39;60
16800.0;0.0183;0.7081;0.1739;1.0;43;69
16860.0;0.018;-0.1684;0.0;1.0;34;62
16920.0;0.0155;0.7098;0.0875;1.0;49;80
16980.0;0.0147;0.0941;0.0385;1.0;44;78
17040.0;0.0181;0.506;0.1221;1.0;45;71
17100.0;0.0101;0.2538;0.0526;1.0;65;114
17160.0;0.0146;0.42;0.0341;1.0;56;88
17220.0;0.014;0.8044;0.1441;1.0;64;96
17280.0;0.0128;0.3369;0.1212;1.0;62;99
17340.0;0.0107;-0.1309;0.0937;1.0;78;121
17400.0;0.0106;0.6929;0.0747;1.0;92;132
17460.0;0.0143;0.5052;0.0688;1.0;60;92
17520.0;0.0109;0.2147;0.1028;1.0;78;120
17580.0;0.0102;0.1705;0.0495;1.0;83;128
17640.0;0.0097;0.4515;0.174;1.0;89;136
17700.0;0.0108;0.3552;0.0812;1.0;71;115
17760.0;0.0113;0.5454;0.1975;1.0;102;135
17820.0;0.0112;0.6017;0.0848;1.0;75;116
17880.0;0.0092;0.6036;0.0847;1.0;107;153
17940.0;0.0103;0.232;0.0859;1.0;89;132
18000.0;0.0095;0.3646;0.0702;1.0;92;140
18060.0;0.0093;0.4534;0.1343;1.0;89;139
18120.0;0.0083;0.3844;0.0937;1.0;96;153
18180.0;0.0071;0.474;0.1623;1.0;126;189
18240.0;0.0071;0.6072;0.102;1.0;146;204
18300.0;0.0065;0.6975;0.1441;1.0;129;199
18360.0;0.0063;0.4997;0.143;1.0;139;211
18420.0;0.0057;0.5962;0.1057;1.0;161;238
18480.0;0.0072;0.6995;0.2128;1.0;177;222
18540.0;0.0056;0.4341;0.1625;1.0;162;242
18600.0;0.0054;0.6727;0.1927;1.0;199;273
18660.0;0.0052;0.6515;0.1444;1.0;189;270
18720.0;0.0043;0.463;0.1395;1.0;214;317
18780.0;0.0047;0.7301;0.2267;1.0;269;340
18840.0;0.0039;0.4676;0.1271;1.0;238;350
18900.0;0.0037;0.593;0.2072;1.0;320;415
18960.0;0.0027;0.5935;0.128;1.0;371;523
19020.0;0.0026;0.6224;0.1433;1.0;408;557
19080.0;0.0026;0.4707;0.188;1.0;442;585
19140.0;0.0025;0.5989;0.2594;1.0;559;673
19200.0;0.0023;0.8183;0.2343;1.0;626;731
19260.0;0.0026;0.7612;0.2572;1.0;647;706
19320.0;0.0021;0.5733;0.2354;1.0;638;771
19380.0;0.0026;0.6939;0.2301;1.0;636;695
19440.0;0.0028;0.6653;0.3027;1.0;631;670
19500.0;0.0026;0.329;0.2382;1.0;583;667
19560.0;0.003;0.6369;0.1933;1.0;512;589
19620.0;0.0025;0.6983;0.2568;1.0;548;668
19680.0;0.0025;0.5679;0.2467;1.0;549;663
19740.0;0.0025;0.687;0.2809;1.0;710;756
19800.0;0.002;0.6653;0.2867;1.0;748;858
19860.0;0.0023;0.8372;0.3183;1.0;815;843
19920.0;0.002;0.7294;0.3101;1.0;902;942
19980.0;0.0018;0.6066;0.2762;1.0;973;1032
20040.0;0.0017;0.5547;0.2793;1.0;1000;1079
20100.0;0.0016;0.6883;0.2792;1.0;1181;1211
20160.0;0.0017;0.7423;0.2772;2.0;1265;1229
20220.0;0.0015;0.6686;0.2685;1.0;1274;1290
20280.0;0.0016;0.7024;0.3143;2.0;1336;1275
20340.0;0.0016;0.7906;0.3257;2.0;1462;1356
20400.0;0.0014;0.6179;0.2689;1.0;1366;1379
20460.0;0.0016;0.6668;0.3161;2.0;1374;1315
20520.0;0.0017;0.7972;0.3049;2.0;1611;1392
20580.0;0.0015;0.7415;0.336;2.0;1726;1496
20640.0;0.0014;0.7232;0.2793;2.0;1696;1572
20700.0;0.0014;0.7201;0.3026;2.0;1794;1630
20760.0;0.0014;0.7598;0.3559;2.0;2219;1774
20820.0;0.0012;0.6573;0.3126;2.0;2070;1848
20880.0;0.0012;0.7106;0.3405;2.0;2316;1942
20940.0;0.0012;0.7652;0.3519;2.0;2393;1991
21000.0;0.0011;0.6901;0.3301;2.0;2418;2098
21060.0;0.0012;0.7689;0.3525;2.0;2448;2047
21120.0;0.0013;0.7348;0.3611;2.0;2505;1989
21180.0;0.0014;0.7598;0.3398;2.0;2422;1891
21240.0;0.0014;0.7885;0.3522;2.0;2276;1816
21300.0;0.0013;0.7558;0.3167;2.0;2000;1748
21360.0;0.0014;0.7101;0.2886;2.0;1781;1624
21420.0;0.0014;0.7569;0.3111;2.0;1718;1585
21480.0;0.0014;0.7509;0.3335;2.0;1762;1606
21540.0;0.0013;0.7138;0.2913;2.0;1705;1616
21600.0;0.0012;0.6596;0.3289;2.0;1981;1847
21660.0;0.0011;0.7831;0.3415;2.0;2489;2148
21720.0;0.0012;0.8677;0.4053;2.0;3345;2397
21780.0;0.0011;0.8722;0.4032;2.0;3762;2660
21840.0;0.001;0.7245;0.4278;3.0;4634;3017
21900.0;0.001;0.8053;0.423;3.0;5399;3285
21960.0;0.001;0.7991;0.3961;3.0;5628;3428
22020.0;0.0009;0.7086;0.411;3.0;5836;3608
22080.0;0.0009;0.7236;0.4099;3.0;5932;3580
22140.0;0.001;0.7706;0.3959;3.0;6101;3494
22200.0;0.001;0.7407;0.4143;3.0;6557;3627
22260.0;0.001;0.6954;0.4055;3.0;5950;3412
22320.0;0.0009;0.7477;0.3832;3.0;5289;3397
22380.0;0.001;0.6711;0.3984;3.0;5806;3495
22440.0;0.0009;0.7504;0.414;3.0;6120;3590
22500.0;0.001;0.7611;0.4118;3.0;6770;3767
22560.0;0.0009;0.7656;0.4453;3.0;7218;3933
22620.0;0.0009;0.6689;0.4067;3.0;6998;4014
22680.0;0.0008;0.6194;0.4129;3.0;7194;4154
22740.0;0.0008;0.7555;0.4279;3.0;7833;4394
22800.0;0.0008;0.6838;0.4108;3.0;7955;4492
22860.0;0.0008;0.8039;0.4272;3.0;9397;4778
22920.0;0.0008;0.7355;0.4561;3.0;9588;4820
22980.0;0.0008;0.7849;0.432;3.0;9357;4799
23040.0;0.0008;0.7143;0.4385;3.0;9668;4941
23100.0;0.0008;0.737;0.4565;4.0;10353;5150
23160.0;0.0008;0.7619;0.4346;4.0;11317;5256
23220.0;0.0008;0.7746;0.4548;4.0;11396;5317
23280.0;0.0008;0.807;0.4461;4.0;12148;5418
23340.0;0.0008;0.7171;0.4609;4.0;12999;5854
23400.0;0.0007;0.7923;0.4528;4.0;14590;6244
23460.0;0.0008;0.7663;0.4627;5.0;16420;6552
23520.0;0.0007;0.74;0.465;4.0;16819;6906
23580.0;0.0007;0.7809;0.4697;5.0;18150;7255
23640.0;0.0006;0.7635;0.4674;4.0;19130;7718
23700.0;0.0006;0.7747;0.4817;5.0;21309;8138
23760.0;0.0006;0.7937;0.4888;5.0;23657;8582
23820.0;0.0007;0.7616;0.4903;6.0;25828;8574
23880.0;0.0007;0.7925;0.4791;6.0;26502;8643
23940.0;0.0007;0.7813;0.4666;6.0;26146;8653
24000.0;0.0007;0.7654;0.4725;6.0;27589;8834
24060.0;0.0007;0.773;0.4688;6.0;26703;8843
24120.0;0.0007;0.8003;0.4551;6.0;26797;8737
24180.0;0.0008;0.7827;0.473;6.0;29725;8850
24240.0;0.0007;0.7753;0.4684;6.0;30144;8984
24300.0;0.0007;0.7775;0.4711;6.0;31297;9265
24360.0;0.0007;0.7228;0.4886;7.0;33919;9560
24420.0;0.0007;0.6744;0.4705;7.0;34533;9613
24480.0;0.0007;0.6288;0.4769;7.0;34979;9813
24540.0;0.0007;0.6915;0.4946;7.0;38034;10112
24600.0;0.0007;0.7364;0.4701;7.0;37039;10216
24660.0;0.0007;0.6978;0.4674;7.0;36908;10308
24720.0;0.0007;0.6951;0.4708;7.0;36967;10207
24780.0;0.0007;0.6123;0.4494;6.0;35099;10036
24840.0;0.0007;0.6498;0.4647;7.0;35478;9985
24900.0;0.0007;0.6934;0.4821;7.0;35570;9943
24960.0;0.0007;0.6745;0.4519;7.0;35071;9858
25020.0;0.0007;0.6425;0.4682;6.0;33715;9656
25080.0;0.0007;0.6596;0.4593;6.0;32986;9547
25140.0;0.0007;0.6539;0.4772;7.0;35623;9764
25200.0;0.0007;0.6476;0.4698;7.0;35139;9993
25260.0;0.0007;0.667;0.4665;7.0;36931;10155
25320.0;0.0007;0.661;0.4556;7.0;36534;10191
25380.0;0.0007;0.6705;0.4622;6.0;36372;10487
25440.0;0.0007;0.6044;0.469;7.0;37289;10580
25500.0;0.0007;0.5995;0.4685;7.0;38938;10888
25560.0;0.0007;0.6225;0.4781;7.0;40372;10817
25620.0;0.0007;0.6036;0.4718;7.0;41063;10769
25680.0;0.0007;0.6623;0.4683;7.0;40407;10558
25800.0;0.0009;0.8214;0.6194;9.0;55146;11372
25860.0;0.0008;0.6664;0.5016;8.0;45281;10978
25920.0;0.0007;0.6428;0.4721;8.0;43631;10830
25980.0;0.0007;0.647;0.4749;7.0;42738;10983
26040.0;0.0007;0.6127;0.4517;7.0;40705;11176
26100.0;0.0007;0.5815;0.4578;7.0;43575;11416
26160.0;0.0007;0.5868;0.4734;7.0;44462;11543
26220.0;0.0007;0.5953;0.4753;7.0;45471;11671
26280.0;0.0007;0.556;0.4732;7.0;46907;11734
26340.0;0.0007;0.5274;0.475;8.0;47636;11858
26400.0;0.0006;0.5508;0.4611;7.0;45344;11941
26460.0;0.0007;0.4982;0.4795;8.0;47881;11889
26520.0;0.0007;0.582;0.4697;8.0;48005;11743
26580.0;0.0007;0.5414;0.4561;8.0;47300;11512
26640.0;0.0007;0.5685;0.4413;7.0;43901;11177
26700.0;0.0007;0.5537;0.4538;7.0;41210;11011
26760.0;0.0007;0.5729;0.4528;7.0;41753;10878
26820.0;0.0007;0.5134;0.4364;7.0;38441;10514
26880.0;0.0007;0.5546;0.4399;7.0;38179;10504
26940.0;0.0007;0.5795;0.4644;7.0;41253;10917
27000.0;0.0006;0.5311;0.4708;7.0;41092;11391
27060.0;0.0006;0.5392;0.4684;7.0;44040;11810
27120.0;0.0006;0.5639;0.4879;7.0;48812;12369
27180.0;0.0006;0.5421;0.486;7.0;49916;12580
27240.0;0.0006;0.5421;0.4857;8.0;53922;13090
27300.0;0.0006;0.6108;0.4847;8.0;55529;13396
27360.0;0.0006;0.5931;0.4638;8.0;56022;13607
27420.0;0.0006;0.5854;0.4859;8.0;59587;13576
27480.0;0.0007;0.6025;0.4506;8.0;56539;13177
27540.0;0.0006;0.4801;0.4419;8.0;53301;12873
27600.0;0.0007;0.4668;0.4562;8.0;54850;12646
27660.0;0.0007;0.4274;0.4432;8.0;52674;12431
27720.0;0.0006;0.4153;0.4347;8.0;49686;12418
27780.0;0.0007;0.4436;0.4525;8.0;50251;12202
27840.0;0.0007;0.494;0.4581;8.0;49698;12198
27900.0;0.0007;0.4576;0.452;7.0;47875;12001
27960.0;0.0007;0.435;0.4487;7.0;46250;11763
28020.0;0.0007;0.39;0.4499;7.0;45979;11510
28080.0;0.0007;0.4577;0.4491;7.0;44390;11382
28140.0;0.0007;0.4486;0.459;8.0;45286;11152
28200.0;0.0007;0.4168;0.4406;7.0;42156;10734
28260.0;0.0007;0.3861;0.441;7.0;40355;10463
28320.0;0.0008;0.4025;0.4415;8.0;40606;10106
28380.0;0.0008;0.4123;0.4205;7.0;37015;9758
28440.0;0.0008;0.3447;0.409;7.0;33461;9236
28500.0;0.0008;0.3434;0.4229;7.0;31793;8831
28560.0;0.0009;0.356;0.4114;7.0;30596;8443
28680.0;0.0016;0.9097;0.664;13.1393;53904;8205
28740.0;0.0009;0.4759;0.4136;6.9138;25619;7411
28800.0;0.0009;0.4102;0.4189;6.6352;23983;7229
28860.0;0.0009;0.3877;0.4186;6.5868;23594;7164
28920.0;0.001;0.5286;0.4121;6.8361;23687;6930
28980.0;0.001;0.5036;0.4001;6.6124;22859;6914
29100.0;0.0017;0.9207;0.6452;12.7196;46999;7390
29160.0;0.0011;0.5643;0.4336;7.3164;24561;6714
29220.0;0.001;0.4101;0.4188;6.5445;20792;6354
29280.0;0.001;0.4473;0.3994;6.2649;18920;6040
29400.0;0.0019;0.8927;0.6182;11.0;35321;6146
29460.0;0.0011;0.608;0.3937;5.0;16077;5432
29520.0;0.0012;0.5152;0.3735;5.0;14505;4990
29580.0;0.0011;0.5494;0.3741;5.0;13331;4857
29640.0;0.0011;0.5443;0.3822;5.0;12676;4873
29700.0;0.0011;0.7324;0.3844;5.0;12756;4752
29760.0;0.0011;0.6083;0.3892;5.0;12027;4636
29820.0;0.0011;0.5841;0.3917;5.0;11693;4599
29880.0;0.0011;0.4271;0.4059;4.0;10991;4421
29940.0;0.0011;0.4255;0.3891;4.0;10170;4310
30000.0;0.0011;0.3159;0.3748;4.0;9792;4240
30060.0;0.0011;0.3487;0.3795;4.0;9166;4162
30120.0;0.0011;0.3753;0.371;4.0;8811;3971
30180.0;0.0011;0.4414;0.389;4.0;8596;3890
30240.0;0.0011;0.3599;0.3627;3.0;6982;3644
30300.0;0.0011;0.2778;0.3962;3.0;6391;3449
30360.0;0.001;0.2302;0.3974;3.0;6151;3437
30420.0;0.0011;0.4544;0.3908;3.0;5820;3313
30480.0;0.0011;0.4073;0.3823;3.0;5391;3191
30540.0;0.0011;0.4701;0.3709;3.0;4970;3023
30600.0;0.001;0.5271;0.3786;3.0;5084;3148
30660.0;0.001;0.4489;0.4008;3.0;5018;3154
30720.0;0.001;0.4719;0.3775;3.0;4912;3133
30780.0;0.0011;0.5269;0.3666;3.0;4653;2963
30840.0;0.001;0.3605;0.4022;3.0;4948;3075
30900.0;0.001;0.3286;0.3758;3.0;4674;3018
30960.0;0.001;0.2934;0.3791;3.0;4994;3085
31020.0;0.0011;0.3823;0.3931;3.0;4596;2907
31080.0;0.0011;0.3846;0.3604;3.0;4541;2889
31140.0;0.001;0.2901;0.3536;2.0;4213;2854
31200.0;0.0011;0.4001;0.3541;2.0;3735;2662
31260.0;0.0012;0.4817;0.3534;2.0;3804;2539
31320.0;0.0011;0.3116;0.3638;2.0;3629;2580
31380.0;0.0012;0.3355;0.3607;2.0;3548;2475
31440.0;0.0011;0.4592;0.3538;2.0;3632;2520
31500.0;0.0011;0.5719;0.3847;2.0;3832;2590
31560.0;0.0011;0.4288;0.3637;2.0;3683;2635
31620.0;0.0011;0.5737;0.3686;2.0;4175;2805
31680.0;0.001;0.3253;0.3995;3.0;4577;2984
31740.0;0.0011;0.3393;0.4033;3.0;4880;3008
31800.0;0.001;0.2579;0.3836;3.0;4837;3110
31860.0;0.001;0.3712;0.3809;3.0;4934;3134
31920.0;0.001;0.5981;0.3982;3.0;5042;3101
31980.0;0.0011;0.6357;0.4098;3.0;4844;3035
32040.0;0.001;0.6031;0.3807;2.0;4270;2857
32100.0;0.001;0.4863;0.3767;2.0;3845;2711
32160.0;0.0011;0.6119;0.3766;2.0;3641;2575
32220.0;0.0011;0.7167;0.3881;2.0;3300;2474
32280.0;0.0011;0.6717;0.3734;2.0;3229;2375
32340.0;0.0011;0.6723;0.3599;2.0;3392;2514
32400.0;0.0013;0.7764;0.392;3.0;4261;2599
32460.0;0.001;0.61;0.4361;3.0;4673;3004
32520.0;0.0009;0.5603;0.395;3.0;5031;3277
32580.0;0.0008;0.5252;0.4024;2.0;4942;3444
32640.0;0.0009;0.5874;0.4326;3.0;6173;3756
32700.0;0.0009;0.643;0.4416;3.0;6517;3846
32760.0;0.0008;0.5785;0.4213;3.0;6515;3950
32820.0;0.0009;0.7161;0.4314;3.0;6468;3814
32880.0;0.0009;0.8267;0.4058;3.0;5760;3576
32940.0;0.001;0.7501;0.4135;3.0;5218;3265
33000.0;0.001;0.799;0.4276;3.0;4506;2988
33060.0;0.0011;0.8126;0.4016;2.0;3882;2693
33120.0;0.0011;0.8077;0.3415;2.0;3303;2467
33180.0;0.0012;0.7977;0.3441;2.0;2761;2128
33240.0;0.0012;0.8058;0.3303;2.0;2384;2014
33300.0;0.0012;0.5089;0.3455;2.0;2315;1933
33360.0;0.0012;0.493;0.3617;2.0;2068;1855
33420.0;0.0014;0.6583;0.3579;2.0;2093;1749
33480.0;0.0013;0.8074;0.3424;2.0;1964;1758
33540.0;0.0013;0.7468;0.3275;2.0;1855;1720
33600.0;0.0013;0.8139;0.3438;2.0;2042;1743
33660.0;0.0014;0.7918;0.3439;2.0;1940;1685
33720.0;0.0015;0.844;0.4156;2.0;2274;1766
33780.0;0.0014;0.7831;0.3589;2.0;2106;1752
33840.0;0.0013;0.7009;0.33;2.0;1856;1686
33900.0;0.0014;0.8272;0.3751;2.0;1863;1660
33960.0;0.0014;0.8203;0.344;2.0;2139;1725
34020.0;0.0015;0.5488;0.3735;2.0;2255;1740
34080.0;0.0014;0.3124;0.3441;2.0;2176;1779
34140.0;0.0015;0.5619;0.3185;2.0;2278;1755
34200.0;0.0015;0.7318;0.3939;2.0;2565;1836
34260.0;0.0014;0.5972;0.4025;2.0;2824;2042
34320.0;0.0011;0.805;0.3614;2.0;2570;2116
34380.0;0.0014;0.8536;0.4187;2.0;2972;2085
34440.0;0.0013;0.802;0.4138;2.0;2934;2103
34500.0;0.0012;0.7774;0.3782;2.0;2875;2181
34560.0;0.0012;0.7339;0.3676;2.0;2712;2163
34620.0;0.0012;0.8073;0.391;2.0;2764;2109
34680.0;0.0012;0.7745;0.3815;2.0;2623;2088
34740.0;0.0013;0.7389;0.3847;2.0;2578;2014
34800.0;0.0013;0.8351;0.3712;2.0;2386;1937
34860.0;0.0012;0.8399;0.338;2.0;2069;1852
34920.0;0.0014;0.7853;0.3882;2.0;2186;1799
34980.0;0.0013;0.7893;0.3516;2.0;1957;1736
35040.0;0.0013;0.842;0.3814;2.0;2170;1818
35100.0;0.0013;0.7893;0.3816;2.0;2167;1840
35160.0;0.0013;0.7806;0.3515;2.0;2157;1856
35220.0;0.0012;0.6922;0.3692;2.0;2163;1910
35280.0;0.0011;0.7879;0.374;2.0;2275;1994
35340.0;0.0012;0.8157;0.3787;2.0;2520;2020
35400.0;0.0012;0.7036;0.376;2.0;2505;2047
35460.0;0.0013;0.8638;0.4031;2.0;2683;2063
35520.0;0.0013;0.8307;0.3711;2.0;2616;2042
35580.0;0.0013;0.8731;0.3962;2.0;2549;1968
35640.0;0.0012;0.7951;0.3795;2.0;2408;1968
35700.0;0.0014;0.8334;0.3971;2.0;2494;1904
35760.0;0.0013;0.7429;0.3967;2.0;2398;1931
35820.0;0.0013;0.7362;0.3766;2.0;2169;1808
35880.0;0.0013;0.8004;0.3991;2.0;2158;1794
35940.0;0.0014;0.8321;0.3673;2.0;2051;1738
36000.0;0.0014;0.8651;0.3641;2.0;2335;1808
36060.0;0.0014;0.5798;0.3823;2.0;2540;1902
36120.0;0.0013;0.3611;0.4066;2.0;2800;2091
36180.0;0.0013;0.5477;0.3815;2.0;3119;2174
36240.0;0.0014;0.5058;0.4063;3.0;3271;2155
36300.0;0.0012;0.3226;0.4159;2.0;2899;2183
36360.0;0.0012;0.5023;0.4424;2.0;3184;2268
36420.0;0.0013;0.508;0.42;2.0;3140;2214
36480.0;0.0011;0.2554;0.3653;2.0;2705;2172
36540.0;0.0011;0.4368;0.3681;2.0;2543;2136
36600.0;0.0012;0.7056;0.383;2.0;2410;1994
36660.0;0.0013;0.8283;0.3917;2.0;2475;1962
36720.0;0.0012;0.7214;0.3962;2.0;2331;1951
36780.0;0.0013;0.8211;0.3706;2.0;2393;1914
36840.0;0.0013;0.7683;0.3564;2.0;2069;1782
36900.0;0.0013;0.8146;0.4101;2.0;2305;1862
36960.0;0.0013;0.8905;0.3959;2.0;2372;1901
37020.0;0.0013;0.9041;0.428;2.0;2696;2004
37080.0;0.0013;0.8399;0.3919;2.0;2777;2036
37140.0;0.0012;0.8039;0.4114;2.0;3014;2198
37200.0;0.0011;0.8398;0.3976;2.0;2852;2247
37260.0;0.0012;0.8345;0.4144;2.0;3342;2350
37320.0;0.0012;0.8356;0.434;2.0;3581;2447
37380.0;0.0012;0.8182;0.4242;2.0;3669;2491
37440.0;0.0012;0.8408;0.4325;3.0;3860;2531
37500.0;0.0013;0.8489;0.4485;3.0;3820;2465
37560.0;0.0013;0.8392;0.4244;2.0;3413;2328
37620.0;0.0012;0.8311;0.3916;2.0;3009;2276
37680.0;0.0012;0.8657;0.425;2.0;3446;2371
37740.0;0.0012;0.884;0.4359;2.0;3626;2425
37800.0;0.0011;0.8349;0.4307;2.0;3793;2631
37860.0;0.001;0.8242;0.4253;2.0;3786;2724
37920.0;0.001;0.8115;0.3904;2.0;3855;2845
37980.0;0.001;0.8773;0.4329;2.0;4414;3005
38040.0;0.001;0.8603;0.4478;3.0;4461;2970
38100.0;0.001;0.8015;0.4377;3.0;4490;2988
38160.0;0.001;0.7668;0.4182;2.0;4353;2963
38220.0;0.0011;0.8207;0.4322;3.0;4390;2780
38280.0;0.0012;0.8747;0.3917;2.0;3635;2499
38340.0;0.0011;0.7804;0.4085;2.0;3230;2373
38400.0;0.0012;0.8108;0.4014;2.0;2765;2150
38460.0;0.0013;0.8276;0.3752;2.0;2605;2011
38520.0;0.0013;0.7329;0.3815;2.0;2178;1797
38580.0;0.0014;0.8116;0.3883;2.0;2091;1727
38640.0;0.0013;0.7436;0.3642;2.0;1930;1693
38700.0;0.0015;0.8345;0.3635;2.0;1800;1570
38760.0;0.0015;0.762;0.3985;2.0;1821;1545
38820.0;0.0016;0.8401;0.3808;2.0;1961;1570
38880.0;0.0015;0.7651;0.3824;2.0;1763;1551
38940.0;0.0017;0.8261;0.4222;2.0;2057;1564
39000.0;0.0016;0.7451;0.3883;2.0;2083;1636
39060.0;0.0016;0.8808;0.4009;2.0;2054;1626
39120.0;0.0014;0.77;0.3807;2.0;2068;1703
39180.0;0.0014;0.8458;0.3769;2.0;2085;1732
39240.0;0.0013;0.8567;0.3433;2.0;2033;1740
39300.0;0.0013;0.7522;0.3605;2.0;1968;1766
39360.0;0.0014;0.8229;0.3532;2.0;1982;1691
39420.0;0.0013;0.7955;0.3546;2.0;1890;1716
39480.0;0.0014;0.876;0.4252;2.0;2183;1797
39540.0;0.0013;0.8129;0.3743;2.0;2268;1847
39600.0;0.0012;0.837;0.3473;2.0;2131;1872
39660.0;0.0013;0.8524;0.4111;2.0;2745;2030
39720.0;0.0013;0.8739;0.4263;2.0;2923;2103
39780.0;0.0013;0.8167;0.3979;2.0;2982;2173
39840.0;0.0012;0.7841;0.4248;2.0;3138;2298
39900.0;0.0012;0.9026;0.4045;2.0;3169;2316
39960.0;0.0012;0.7792;0.4303;2.0;3206;2302
40020.0;0.0013;0.8125;0.415;2.0;3184;2243
40080.0;0.0012;0.7726;0.3935;2.0;2764;2160
40140.0;0.0012;0.808;0.4222;2.0;2858;2178
40200.0;0.0013;0.8372;0.4264;2.0;2876;2090
40260.0;0.0013;0.794;0.3876;2.0;2435;1956
40320.0;0.0013;0.8401;0.3692;2.0;2488;1945
40380.0;0.0014;0.8644;0.4387;2.0;2665;1926
40440.0;0.0013;0.7628;0.3795;2.0;2442;1930
40500.0;0.0012;0.7544;0.3746;2.0;2348;1943
40560.0;0.0013;0.7403;0.3947;2.0;2445;1959
40620.0;0.0013;0.7472;0.3909;2.0;2777;2037
40680.0;0.0012;0.4187;0.3878;2.0;2557;2099
40740.0;0.0012;0.4835;0.4137;2.0;3058;2246
40800.0;0.0013;0.819;0.4407;2.0;3145;2215
40860.0;0.0014;0.8288;0.4429;2.0;3290;2199
40920.0;0.0013;0.7657;0.4116;2.0;3120;2221
40980.0;0.0013;0.8611;0.4252;2.0;3065;2135
41040.0;0.0013;0.7971;0.4125;2.0;2596;1978
41100.0;0.0013;0.9157;0.4005;2.0;2760;2040
41160.0;0.0013;0.7933;0.3855;2.0;2560;2007
41280.0;0.0012;0.8226;0.5038;2.0;2776;2140
41340.0;0.0013;0.88;0.3859;2.0;2267;1869
41400.0;0.0013;0.8057;0.3879;2.0;2327;1917
41460.0;0.0012;0.8163;0.3801;2.0;2402;1976
41520.0;0.0013;0.7819;0.3787;2.0;2520;1982
41580.0;0.0013;0.819;0.4245;2.0;2859;2063
41640.0;0.0013;0.8498;0.4315;2.0;2922;2129
41700.0;0.0012;0.7981;0.4128;2.0;2945;2236
41760.0;0.0012;0.8313;0.4191;2.0;3248;2285
41820.0;0.0013;0.8861;0.4231;2.0;3325;2287
41880.0;0.0011;0.781;0.4236;2.0;3422;2458
41940.0;0.0011;0.8243;0.4126;2.0;3718;2571
42000.0;0.0012;0.8329;0.4439;3.0;3993;2632
42060.0;0.0011;0.8374;0.4315;3.0;4556;2850
42120.0;0.0011;0.7962;0.4412;3.0;4548;2823
42180.0;0.0011;0.8055;0.4493;3.0;4773;2908
42240.0;0.0011;0.8223;0.4585;3.0;5096;3043
42300.0;0.0012;0.8758;0.4559;3.0;5580;3021
42360.0;0.0011;0.8306;0.4523;3.0;5689;3156
42420.0;0.001;0.8195;0.4392;3.0;5255;3177
42480.0;0.001;0.6392;0.4211;3.0;4898;3193
42540.0;0.001;0.6145;0.4125;3.0;5000;3218
42600.0;0.001;0.5245;0.4511;3.0;5793;3336
42660.0;0.001;0.5547;0.4308;3.0;5520;3305
42720.0;0.0011;0.6441;0.4697;3.0;6268;3358
42780.0;0.0011;0.7489;0.472;3.0;6022;3272
42840.0;0.0011;0.7509;0.4481;3.0;6375;3412
42900.0;0.0011;0.7584;0.463;3.0;6389;3368
42960.0;0.0012;0.5025;0.4946;4.0;6982;3431
43020.0;0.0011;0.7686;0.4483;3.0;6387;3433
43080.0;0.0011;0.711;0.4641;3.0;6715;3472
43140.0;0.0011;0.4916;0.4548;3.0;6489;3470
43200.0;0.0011;0.4486;0.4785;3.0;7106;3674
43260.0;0.0011;0.6071;0.4681;4.0;8166;3887
43320.0;0.001;0.708;0.4555;3.0;7994;4041
43380.0;0.0011;0.4568;0.4946;4.0;9688;4194
43440.0;0.0011;0.7483;0.4988;4.0;10725;4431
43500.0;0.001;0.7231;0.4732;4.0;9830;4477
43560.0;0.001;0.7919;0.4848;4.0;9658;4370
43620.0;0.0011;0.8306;0.5068;4.0;9767;4283
43680.0;0.001;0.7812;0.472;4.0;8979;4225
43740.0;0.001;0.7985;0.4615;3.0;8143;4074
43800.0;0.001;0.8429;0.4656;4.0;7751;3857
43860.0;0.001;0.8366;0.4608;3.0;6854;3635
43920.0;0.0011;0.8471;0.4476;3.0;6462;3482
43980.0;0.0011;0.8516;0.4389;3.0;5861;3299
44040.0;0.0011;0.8686;0.4402;3.0;5568;3177
44100.0;0.0011;0.8333;0.4183;3.0;4850;2986
44160.0;0.0012;0.8655;0.433;3.0;5026;2950
44220.0;0.0012;0.8203;0.4475;3.0;4652;2781
44280.0;0.0012;0.8337;0.459;3.0;4524;2696
44340.0;0.0012;0.804;0.4687;3.0;4682;2738
44400.0;0.0012;0.7812;0.4021;3.0;4143;2677
44460.0;0.0012;0.8869;0.4242;3.0;4243;2668
44520.0;0.0012;0.8331;0.4564;3.0;4416;2741
44580.0;0.0012;0.8408;0.4428;3.0;4518;2760
44640.0;0.0011;0.8053;0.4197;3.0;4293;2792
44700.0;0.0013;0.8349;0.4663;3.0;5033;2828
44760.0;0.0012;0.8116;0.4447;3.0;4698;2848
44820.0;0.0011;0.8231;0.4394;3.0;5042;2977
44880.0;0.0012;0.823;0.478;3.0;5543;3054
44940.0;0.0012;0.8579;0.4857;3.0;6346;3308
45000.0;0.0012;0.8389;0.4961;4.0;6839;3361
45060.0;0.0011;0.845;0.4578;3.0;6711;3534
45120.0;0.0011;0.8491;0.4631;3.0;6999;3611
45180.0;0.001;0.7931;0.4536;3.0;6552;3617
45240.0;0.0011;0.8363;0.4865;3.0;7277;3652
45300.0;0.001;0.842;0.4518;3.0;6818;3677
45360.0;0.0011;0.8083;0.488;3.0;7198;3695
45420.0;0.001;0.8047;0.4859;3.0;6548;3564
45480.0;0.0011;0.8156;0.4724;3.0;6728;3567
45540.0;0.0011;0.8389;0.4548;3.0;6330;3392
45600.0;0.0011;0.8755;0.4459;3.0;6012;3248
45660.0;0.0011;0.8431;0.4455;3.0;5558;3150
45720.0;0.001;0.7789;0.4332;3.0;4854;3112
45780.0;0.0011;0.8559;0.445;3.0;5034;3064
45840.0;0.001;0.7904;0.3992;2.0;4380;3001
45900.0;0.0011;0.826;0.4371;3.0;5086;3112
45960.0;0.0011;0.8563;0.4338;3.0;4945;3033
46020.0;0.0011;0.856;0.4422;3.0;5352;3178
46080.0;0.001;0.8588;0.443;3.0;4995;3125
46140.0;0.0011;0.8497;0.4861;3.0;5917;3227
46200.0;0.001;0.8462;0.4512;3.0;5288;3181
46260.0;0.001;0.8227;0.4442;3.0;5484;3289
46320.0;0.0011;0.8469;0.4683;3.0;5920;3288
46380.0;0.001;0.8238;0.4189;3.0;5162;3248
46440.0;0.001;0.7842;0.4273;3.0;5009;3190
46500.0;0.001;0.8301;0.4468;3.0;4960;3105
46560.0;0.001;0.8884;0.4284;3.0;4908;3142
46620.0;0.0011;0.8118;0.4477;3.0;5039;3092
46680.0;0.0011;0.8339;0.4784;3.0;5536;3141
46740.0;0.0011;0.8264;0.4352;3.0;5501;3197
46800.0;0.0011;0.8608;0.4573;3.0;5782;3295
46860.0;0.0011;0.8565;0.482;3.0;6342;3374
46920.0;0.0011;0.8315;0.4593;3.0;6441;3482
46980.0;0.001;0.8257;0.4686;3.0;6743;3642
47040.0;0.001;0.7614;0.4739;3.0;6931;3739
47100.0;0.001;0.8503;0.4499;3.0;7322;3879
47160.0;0.0009;0.8544;0.4522;3.0;6932;3882
47220.0;0.001;0.8602;0.4671;3.0;7853;3953
47280.0;0.001;0.8278;0.4722;3.0;7516;3943
47340.0;0.001;0.823;0.4738;3.0;7281;3873
47400.0;0.0009;0.8213;0.4549;3.0;6993;3851
47460.0;0.001;0.8341;0.4578;3.0;7120;3729
47520.0;0.001;0.8231;0.4383;3.0;6341;3531
47580.0;0.001;0.8275;0.4619;3.0;7110;3751
47640.0;0.0011;0.8258;0.4565;3.0;7054;3631
47700.0;0.001;0.7927;0.4337;3.0;6723;3658
47760.0;0.0009;0.8371;0.4315;3.0;6357;3681
47820.0;0.001;0.8202;0.4502;3.0;6634;3658
47880.0;0.001;0.8375;0.4485;3.0;6510;3700
47940.0;0.0011;0.8822;0.481;3.0;7299;3721
48000.0;0.001;0.8465;0.4565;3.0;6666;3681
48060.0;0.001;0.8632;0.4596;3.0;6595;3723
48120.0;0.001;0.8078;0.4796;3.0;6544;3552
48180.0;0.001;0.8445;0.4387;3.0;5839;3459
48240.0;0.001;0.8559;0.431;3.0;5502;3276
48300.0;0.0011;0.8976;0.4617;3.0;5476;3170
48360.0;0.0011;0.7908;0.401;3.0;5067;3023
48420.0;0.001;0.5693;0.4108;3.0;4839;3044
48480.0;0.0011;0.547;0.411;3.0;4872;3024
48540.0;0.001;0.4564;0.4175;3.0;5159;3136
48600.0;0.001;0.8043;0.4463;3.0;6035;3404
48660.0;0.0011;0.7515;0.4708;3.0;7200;3693
48720.0;0.0009;0.8301;0.4421;3.0;7117;3955
48780.0;0.0009;0.814;0.4743;3.0;7682;4098
48840.0;0.0009;0.8739;0.477;3.0;8272;4342
48900.0;0.0009;0.882;0.4802;4.0;9223;4454
48960.0;0.001;0.8635;0.4743;4.0;9251;4397
49020.0;0.001;0.7975;0.4547;3.0;8313;4158
49080.0;0.001;0.8371;0.4558;4.0;8202;4012
49140.0;0.0009;0.8323;0.4137;3.0;6382;3726
49200.0;0.001;0.8359;0.4445;3.0;6089;3462
49260.0;0.001;0.8205;0.4206;3.0;5418;3236
49320.0;0.001;0.552;0.4189;3.0;4566;2951
49380.0;0.0011;0.8323;0.4017;3.0;4070;2692
49440.0;0.0012;0.7957;0.4006;3.0;3968;2615
49500.0;0.0011;0.8345;0.3804;2.0;3339;2479
49560.0;0.0013;0.8402;0.4272;3.0;3650;2405
49620.0;0.0012;0.8361;0.3865;2.0;3173;2297
49680.0;0.0012;0.735;0.3817;2.0;2959;2249
49740.0;0.0012;0.8122;0.3933;2.0;3065;2260
49800.0;0.0012;0.797;0.3867;2.0;2839;2163
49860.0;0.0012;0.865;0.3894;2.0;2969;2265
49920.0;0.0013;0.8005;0.4252;2.0;3041;2202
49980.0;0.0012;0.8226;0.3868;2.0;2910;2168
50040.0;0.0013;0.7692;0.3823;2.0;3034;2198
50100.0;0.0014;0.6096;0.3865;2.0;3251;2168
50160.0;0.0013;0.3298;0.3781;2.0;2732;2077
50220.0;0.0013;0.584;0.4158;2.0;3133;2182
50280.0;0.0013;0.8632;0.3873;2.0;3174;2228
50340.0;0.0012;0.8522;0.3857;2.0;3078;2268
50400.0;0.0011;0.7786;0.3821;2.0;3139;2411
50460.0;0.001;0.7973;0.4013;2.0;3312;2541
50520.0;0.001;0.8281;0.391;2.0;3581;2713
50580.0;0.001;0.835;0.3971;2.0;3909;2807
50640.0;0.001;0.8562;0.4131;2.0;4282;2950
50700.0;0.001;0.7933;0.4154;2.0;4219;2974
50760.0;0.001;0.8213;0.4225;3.0;4535;2952
50820.0;0.001;0.7677;0.4335;3.0;4543;3016
50880.0;0.001;0.8247;0.431;3.0;5022;3113
50940.0;0.001;0.8618;0.4361;3.0;4798;3087
51000.0;0.001;0.8117;0.407;2.0;4549;3060
51060.0;0.0011;0.8014;0.4341;3.0;4705;2955
51120.0;0.001;0.8076;0.4321;2.0;4342;2924
51240.0;0.001;0.8242;0.5174;2.0;4571;3048
51300.0;0.001;0.797;0.4198;2.0;3827;2780
51360.0;0.0011;0.8466;0.4265;2.0;4060;2761
51420.0;0.001;0.8008;0.4215;2.0;3827;2704
51480.0;0.0011;0.8323;0.3936;2.0;3694;2653
51540.0;0.001;0.8358;0.4338;2.0;3771;2698
51600.0;0.0011;0.8067;0.3969;2.0;3847;2703
51660.0;0.0011;0.8121;0.4078;2.0;4010;2702
51720.0;0.001;0.8329;0.4005;2.0;3786;2703
51780.0;0.001;0.8052;0.3981;2.0;3740;2771
51840.0;0.001;0.8465;0.3994;2.0;3987;2800
51900.0;0.001;0.7788;0.4151;2.0;3854;2785
51960.0;0.001;0.7871;0.3596;2.0;3510;2674
52020.0;0.001;0.7712;0.4062;2.0;3643;2677
52080.0;0.0011;0.8518;0.4114;2.0;3955;2733
52140.0;0.001;0.8489;0.3799;2.0;3575;2617
52200.0;0.0011;0.8365;0.426;2.0;3955;2736
52260.0;0.0011;0.8689;0.4204;3.0;4138;2754
52320.0;0.001;0.7456;0.4088;2.0;4216;2856
52380.0;0.0011;0.8147;0.433;3.0;4446;2905
52440.0;0.001;0.8593;0.4294;2.0;4284;2936
52500.0;0.001;0.7584;0.4266;2.0;4275;2971
52560.0;0.001;0.7747;0.4114;2.0;4431;3017
52620.0;0.001;0.8464;0.4281;2.0;4243;2927
52680.0;0.001;0.8193;0.4131;3.0;4519;2980
52740.0;0.001;0.8518;0.4167;3.0;4547;2963
52800.0;0.001;0.8013;0.434;3.0;4581;2991
52860.0;0.0011;0.8014;0.4235;3.0;4801;3020
52920.0;0.001;0.8468;0.4031;2.0;4425;3004
52980.0;0.001;0.8135;0.4253;3.0;4682;3093
53040.0;0.0009;0.7696;0.4157;2.0;4755;3204
53100.0;0.0009;0.8066;0.4116;2.0;4728;3221
53160.0;0.0009;0.83;0.4317;3.0;5212;3351
53220.0;0.0009;0.8022;0.4101;3.0;5412;3483
53280.0;0.0009;0.7958;0.4106;3.0;5555;3580
53340.0;0.0009;0.8024;0.4463;3.0;5884;3653
53400.0;0.0009;0.8313;0.4406;3.0;5914;3598
53460.0;0.001;0.8333;0.47;3.0;6030;3544
53520.0;0.001;0.9063;0.4349;3.0;6096;3456
53580.0;0.001;0.8107;0.4384;3.0;5366;3276
53640.0;0.001;0.7786;0.404;3.0;4875;3202
53700.0;0.001;0.7938;0.4365;2.0;4501;3007
53760.0;0.001;0.8198;0.4248;3.0;4440;2933
53820.0;0.001;0.7959;0.4377;2.0;4504;3016
53880.0;0.0009;0.8023;0.4367;2.0;4406;3053
53940.0;0.0009;0.7619;0.4163;2.0;4482;3158
54000.0;0.0009;0.8642;0.4377;3.0;5254;3436
54060.0;0.0009;0.86;0.4724;3.0;6780;3815
54120.0;0.0009;0.8208;0.4746;3.0;7919;4173
54180.0;0.0009;0.8485;0.4832;3.0;9318;4676
54240.0;0.0008;0.8215;0.4854;4.0;10095;4918
54300.0;0.0008;0.7933;0.4901;4.0;10870;5222
54360.0;0.0008;0.846;0.493;4.0;11606;5358
54420.0;0.0008;0.8861;0.4945;4.0;11685;5312
54480.0;0.0008;0.8046;0.4908;4.0;11740;5334
54540.0;0.0008;0.8665;0.4656;4.0;10938;5121
54600.0;0.0009;0.8252;0.4793;4.0;11915;5011
54660.0;0.0009;0.7892;0.4606;4.0;10830;4783
54720.0;0.0009;0.7664;0.4636;4.0;9584;4680
54780.0;0.0009;0.8338;0.473;4.0;9860;4621
54840.0;0.001;0.8316;0.4823;4.0;9399;4416
54900.0;0.0009;0.7907;0.4463;3.0;8297;4241
54960.0;0.0009;0.6661;0.4485;3.0;8218;4293
55020.0;0.0009;0.7706;0.4544;3.0;7834;4114
55080.0;0.0008;0.767;0.4314;3.0;7149;4115
55140.0;0.0009;0.7739;0.4756;3.0;7991;4118
55200.0;0.0009;0.7443;0.4365;3.0;7279;4069
55260.0;0.0008;0.8238;0.4606;3.0;7312;4184
55320.0;0.0009;0.808;0.4685;3.0;7469;4075
55380.0;0.0009;0.8434;0.4458;3.0;7796;4066
55440.0;0.0009;0.8374;0.4466;3.0;7374;3958
55500.0;0.001;0.8753;0.4952;4.0;8532;4071
55560.0;0.0009;0.7946;0.4493;3.0;7626;4135
55620.0;0.0009;0.8237;0.4412;3.0;7998;4173
55680.0;0.0009;0.8446;0.446;3.0;7831;4122
55740.0;0.0009;0.896;0.4456;3.0;8196;4314
55800.0;0.0009;0.8003;0.4631;4.0;8879;4355
55860.0;0.0009;0.8605;0.4667;4.0;9715;4643
55920.0;0.0009;0.8528;0.4722;4.0;10358;4918
55980.0;0.0008;0.8503;0.481;4.0;10700;5141
56040.0;0.0008;0.8483;0.4838;4.0;12251;5402
56100.0;0.0009;0.8891;0.4879;4.0;13766;5667
56160.0;0.0009;0.8716;0.4998;5.0;14951;5872
56220.0;0.0009;0.8797;0.5155;5.0;16598;6063
56280.0;0.0009;0.8645;0.4904;5.0;16534;6236
56340.0;0.0008;0.866;0.4898;5.0;16425;6314
56400.0;0.0009;0.8699;0.503;5.0;18366;6472
56460.0;0.0009;0.8777;0.5084;5.0;18544;6497
56520.0;0.0009;0.8718;0.4982;5.0;18661;6484
56580.0;0.0009;0.8261;0.5031;5.0;18810;6585
56640.0;0.0008;0.8189;0.4869;5.0;18026;6538
56700.0;0.0009;0.8352;0.4826;5.0;19064;6612
56760.0;0.001;0.7963;0.5;6.0;20436;6491
56820.0;0.0009;0.7869;0.4939;6.0;20008;6540
56880.0;0.0009;0.7389;0.485;5.0;19946;6668
56940.0;0.0009;0.8041;0.4833;6.0;20439;6725
57000.0;0.0008;0.7572;0.4827;5.0;19559;6872
57060.0;0.0009;0.7934;0.4982;6.0;20615;6866
57120.0;0.0009;0.7231;0.4909;5.0;20237;6857
57180.0;0.0009;0.7918;0.4879;5.0;20369;6854
57240.0;0.0008;0.6625;0.4822;5.0;18390;6648
57300.0;0.0008;0.8205;0.4774;5.0;18180;6583
57360.0;0.0008;0.7739;0.4835;5.0;18720;6659
57420.0;0.0009;0.8371;0.4834;5.0;18990;6524
57480.0;0.0009;0.7468;0.4945;5.0;19221;6570
57540.0;0.0009;0.7755;0.5076;5.0;19999;6725
57600.0;0.0008;0.7525;0.4886;5.0;19246;6861
57660.0;0.0008;0.7566;0.5009;5.0;21269;7123
57720.0;0.0008;0.7632;0.4973;5.0;21548;7427
57780.0;0.0008;0.7602;0.5149;5.0;23485;7909
57840.0;0.0007;0.7906;0.5095;6.0;26112;8385
57900.0;0.0008;0.8133;0.5269;7.0;31582;8888
57960.0;0.0008;0.7848;0.5113;7.0;32747;9279
58020.0;0.0008;0.7759;0.5277;7.0;36041;9544
58080.0;0.0008;0.7558;0.5168;7.0;37346;9601
58140.0;0.0008;0.7791;0.5097;7.0;38959;9876
58200.0;0.0009;0.7147;0.5265;8.0;40476;9685
58260.0;0.0008;0.6877;0.4891;7.0;36471;9607
58320.0;0.0008;0.7136;0.4831;7.0;36237;9402
58440.0;0.001;0.8729;0.5839;9.0;41974;9305
58500.0;0.0009;0.674;0.495;7.0;33019;8797
58560.0;0.0009;0.6057;0.5011;7.0;33398;8758
58620.0;0.0008;0.6438;0.4723;7.0;32092;8709
58680.0;0.0008;0.5835;0.4832;7.0;30880;8677
58740.0;0.0008;0.6169;0.4952;7.0;32008;8899
58800.0;0.0008;0.5821;0.4819;7.0;32832;8821
58860.0;0.0008;0.5968;0.497;7.0;32236;8793
58920.0;0.0009;0.5937;0.4904;7.0;33435;8721
58980.0;0.0008;0.5303;0.4698;6.0;29554;8641
59040.0;0.0009;0.5565;0.4894;7.0;31912;8634
59100.0;0.0009;0.5888;0.5043;7.0;32676;8677
59160.0;0.0009;0.5383;0.4841;7.0;32603;8673
59220.0;0.0009;0.6003;0.4961;7.0;32626;8711
59280.0;0.0008;0.5555;0.5019;7.0;32113;8834
59340.0;0.0008;0.6332;0.5176;7.0;33634;9063
59400.0;0.0008;0.5527;0.5208;7.0;35306;9415
59460.0;0.0008;0.6043;0.5205;7.0;37632;9980
59520.0;0.0007;0.5977;0.5206;7.0;41890;10627
59580.0;0.0007;0.6228;0.5181;8.0;44905;11085
59640.0;0.0007;0.6253;0.517;8.0;49165;11572
59700.0;0.0007;0.6134;0.5221;8.0;50136;11902
59760.0;0.0007;0.5834;0.5056;8.0;52683;11976
59820.0;0.0008;0.5562;0.5174;9.0;55068;12041
59880.0;0.0008;0.6133;0.502;9.0;52960;11755
59940.0;0.0008;0.572;0.4907;9.0;51652;11384
60000.0;0.0008;0.5195;0.495;8.0;49355;10982
60060.0;0.0008;0.5549;0.4761;8.0;44911;10543
60120.0;0.0008;0.5334;0.4691;8.0;42487;10193
60180.0;0.0008;0.4658;0.4831;8.0;39742;9774
60240.0;0.0008;0.5242;0.4643;7.0;37722;9499
60300.0;0.0008;0.498;0.4591;7.0;35192;9176
60360.0;0.0008;0.5383;0.4676;7.0;34656;9033
60420.0;0.0009;0.5388;0.4738;7.0;34444;8930
60480.0;0.0009;0.526;0.4864;7.0;33629;8833
60540.0;0.0008;0.5085;0.4775;7.0;31891;8711
60600.0;0.0008;0.5392;0.4662;6.0;29503;8716
60660.0;0.0008;0.5084;0.4836;7.0;30616;8674
60720.0;0.0008;0.5247;0.485;7.0;30772;8598
60780.0;0.0009;0.5116;0.4848;7.0;30980;8462
60840.0;0.0009;0.5398;0.4698;7.0;29874;8205
60900.0;0.0009;0.4581;0.4812;7.0;28614;8082
60960.0;0.0009;0.4689;0.4716;7.0;27700;7890
61020.0;0.0009;0.5028;0.4799;6.0;27601;7911
61080.0;0.0008;0.481;0.4728;6.0;26785;7997
61140.0;0.0009;0.4768;0.4781;6.0;27170;7905
61200.0;0.0008;0.5062;0.494;6.0;26888;8136
61260.0;0.0009;0.5994;0.5027;7.0;29897;8333
61320.0;0.0009;0.6094;0.4971;7.0;30550;8453
61380.0;0.0009;0.5901;0.5044;7.0;32392;8665
61440.0;0.0008;0.5113;0.5004;7.0;33370;8907
61500.0;0.0008;0.5285;0.4943;7.0;32386;8837
61560.0;0.0008;0.4681;0.4852;7.0;33021;9030
61620.0;0.0008;0.4559;0.508;7.0;34255;9015
61680.0;0.0008;0.4499;0.4867;7.0;32448;8867
61740.0;0.0008;0.4136;0.4836;7.0;31629;8846
61800.0;0.0008;0.4589;0.4806;7.0;32343;8847
61860.0;0.0008;0.4198;0.484;7.0;32143;8705
61920.0;0.0008;0.4207;0.4832;7.0;30899;8553
61980.0;0.0009;0.4783;0.4955;7.0;32458;8590
62040.0;0.0009;0.4841;0.4705;7.0;31034;8528
62100.0;0.0009;0.4116;0.4937;7.0;32246;8607
62160.0;0.0009;0.3685;0.4935;7.0;32186;8321
62220.0;0.0009;0.3491;0.4633;7.0;30118;8333
62280.0;0.0009;0.4492;0.4661;7.0;29930;8193
62340.0;0.0009;0.4836;0.4832;7.0;30638;8067
62400.0;0.0009;0.461;0.4609;7.0;28663;7895
62460.0;0.001;0.4542;0.3762;5.9893;17429;5820
62520.0;0.0015;0.923;0.666;12.1171;48947;8079
62640.0;0.0012;0.8096;0.5421;8.0;33627;7488
62700.0;0.001;0.4974;0.4681;7.0;24578;6999
62760.0;0.001;0.5302;0.4717;7.0;24299;6869
62820.0;0.001;0.4379;0.4699;6.0;21706;6697
62880.0;0.001;0.4612;0.4545;6.0;21349;6614
62940.0;0.001;0.4243;0.4734;6.0;20427;6404
63000.0;0.001;0.5629;0.454;6.0;19075;6312
63060.0;0.0009;0.4466;0.4533;5.0;18389;6249
63120.0;0.0009;0.503;0.4562;5.0;17816;6280
63180.0;0.0009;0.5361;0.4692;5.0;18507;6339
63240.0;0.0009;0.5991;0.4851;6.0;19260;6417
63300.0;0.0009;0.5802;0.4971;6.0;19955;6549
63360.0;0.0009;0.6277;0.4684;5.0;19388;6606
63420.0;0.0009;0.5886;0.5002;6.0;20777;6680
63480.0;0.0009;0.4427;0.4883;6.0;21150;6749
63540.0;0.0009;0.5568;0.4668;6.0;20698;6806
63600.0;0.0009;0.6032;0.4732;6.0;20916;6866
63660.0;0.0009;0.5855;0.4767;5.0;20302;6898
63720.0;0.0009;0.6197;0.4631;5.0;20432;6896
63780.0;0.0008;0.6282;0.4827;6.0;21817;7187
63840.0;0.0008;0.484;0.4878;6.0;21780;7177
63900.0;0.0008;0.5306;0.4952;6.0;22538;7362
63960.0;0.0009;0.5265;0.4997;6.0;23556;7296
64020.0;0.0008;0.4783;0.4901;6.0;23298;7440
64080.0;0.0008;0.4491;0.4869;6.0;24404;7742
64140.0;0.0008;0.5412;0.4979;6.0;25225;7765
64200.0;0.0008;0.3901;0.4872;6.0;24916;7809
64260.0;0.0008;0.608;0.4762;6.0;25067;7894
64320.0;0.0009;0.5568;0.4771;6.0;26565;7879
64380.0;0.0009;0.5588;0.4925;6.0;26637;7886
64440.0;0.0008;0.649;0.4636;6.0;24176;7627
64500.0;0.0009;0.5305;0.4842;6.0;24149;7528
64560.0;0.0009;0.599;0.4805;6.0;23483;7350
64620.0;0.0009;0.5207;0.4783;6.0;22587;7288
64680.0;0.0009;0.5602;0.4861;6.0;23131;7171
64740.0;0.0009;0.5486;0.4963;6.0;23264;7370
64800.0;0.0009;0.6376;0.499;6.0;25901;7547
64860.0;0.0008;0.5602;0.507;6.0;26089;7981
64920.0;0.0008;0.5662;0.4874;6.0;26985;8203
64980.0;0.0008;0.4859;0.4885;6.0;27081;8476
65040.0;0.0008;0.5894;0.5074;7.0;32320;8809
65100.0;0.0008;0.6062;0.4884;6.0;31167;9034
65160.0;0.0007;0.5541;0.4826;6.0;31169;9140
65220.0;0.0008;0.5041;0.4856;6.0;31703;9073
65280.0;0.0008;0.4851;0.4918;7.0;31248;8883
65340.0;0.0008;0.5206;0.4835;7.0;31474;8676
65400.0;0.0009;0.4862;0.4896;7.0;30151;8328
65460.0;0.0009;0.5381;0.4743;7.0;28865;8012
65520.0;0.0009;0.4436;0.4619;6.0;27300;7853
65580.0;0.0009;0.4057;0.4507;6.0;24783;7479
65640.0;0.0009;0.4738;0.4285;6.0;23318;7164
65700.0;0.0009;0.4003;0.4419;6.0;22147;6880
65760.0;0.0009;0.3523;0.4382;5.0;19699;6733
65820.0;0.0009;0.4017;0.4544;6.0;19280;6406
65880.0;0.0009;0.3955;0.443;5.0;17973;6176
65940.0;0.001;0.3616;0.4453;5.0;18242;6085
66000.0;0.0009;0.2886;0.4264;5.0;16536;6009
66060.0;0.001;0.4013;0.4548;5.0;16710;5894
66120.0;0.0009;0.403;0.4432;5.0;15076;5688
66180.0;0.0009;0.4527;0.4536;5.0;14836;5601
66240.0;0.0009;0.494;0.4212;4.0;12820;5387
66300.0;0.0009;0.5513;0.4193;4.0;12367;5175
66360.0;0.0009;0.3943;0.4283;4.0;11151;5001
66420.0;0.001;0.4644;0.4349;4.0;11577;4937
66480.0;0.0009;0.4326;0.4344;4.0;10895;4950
66540.0;0.001;0.5799;0.427;4.0;11378;4833
66600.0;0.0009;0.5661;0.4217;4.0;10611;4846
66660.0;0.001;0.6708;0.4486;4.0;11713;4819
66720.0;0.0009;0.4732;0.4651;4.0;11104;4949
66780.0;0.0009;0.4722;0.4402;4.0;10541;4927
66840.0;0.0008;0.3419;0.4468;4.0;10475;4988
66900.0;0.0008;0.4867;0.4268;4.0;10238;4952
66960.0;0.0009;0.2946;0.428;4.0;9557;4717
67020.0;0.0008;0.3231;0.4366;4.0;9672;4822
67080.0;0.0009;0.4754;0.4377;4.0;9497;4638
67140.0;0.0008;0.5349;0.4319;3.0;8606;4647
67200.0;0.0009;0.4617;0.4467;4.0;9259;4600
67260.0;0.0009;0.2986;0.448;4.0;9106;4545
67320.0;0.0009;0.3766;0.4556;4.0;9464;4617
67380.0;0.0009;0.5683;0.4485;4.0;9834;4649
67440.0;0.001;0.5689;0.4514;4.0;9606;4486
67500.0;0.0008;0.5279;0.4204;3.0;8950;4622
67560.0;0.0009;0.5807;0.4452;4.0;9171;4574
67620.0;0.0008;0.6931;0.4336;3.0;8991;4602
67680.0;0.0009;0.5749;0.4641;4.0;9323;4629
67740.0;0.0009;0.6223;0.4668;4.0;9515;4649
67800.0;0.0009;0.7034;0.4444;3.0;9089;4564
67860.0;0.0009;0.5905;0.4473;3.0;8922;4504
67920.0;0.0009;0.7666;0.4494;4.0;9135;4404
67980.0;0.001;0.8338;0.4535;4.0;9538;4333
68040.0;0.001;0.8283;0.467;4.0;8527;4094
68100.0;0.0011;0.8196;0.4472;4.0;8424;3974
68160.0;0.0009;0.7808;0.4118;3.0;6758;3786
68280.0;0.001;0.908;0.5143;3.0;6745;3625
68340.0;0.001;0.8032;0.4065;3.0;5204;3308
68400.0;0.0009;0.8288;0.4037;3.0;5276;3426
68460.0;0.001;0.7478;0.4349;3.0;5836;3443
68520.0;0.0009;0.8041;0.4257;3.0;5748;3493
68580.0;0.001;0.8419;0.4272;3.0;5924;3475
68640.0;0.001;0.7668;0.4655;3.0;6476;3669
68700.0;0.001;0.8105;0.4435;3.0;6459;3668
68760.0;0.0009;0.822;0.4476;3.0;6400;3748
68820.0;0.001;0.822;0.4431;3.0;6759;3754
68880.0;0.0009;0.7958;0.415;3.0;6008;3736
68940.0;0.0009;0.7111;0.4307;3.0;6014;3756
69000.0;0.0009;0.7951;0.4478;3.0;5989;3630
69060.0;0.0009;0.8629;0.3991;2.0;5172;3469
69120.0;0.0009;0.8136;0.4284;3.0;5726;3507
69180.0;0.0009;0.7798;0.4367;3.0;5598;3482
69240.0;0.0009;0.797;0.413;3.0;5365;3478
69300.0;0.001;0.8402;0.4579;3.0;5983;3486
69360.0;0.001;0.8635;0.4406;3.0;6018;3491
69420.0;0.001;0.8123;0.4558;3.0;6159;3534
69480.0;0.0009;0.7712;0.4141;3.0;5326;3508
69540.0;0.0009;0.8291;0.4152;3.0;5399;3476
69600.0;0.0009;0.8295;0.445;3.0;5419;3516
69660.0;0.0009;0.8185;0.4393;3.0;5598;3572
69720.0;0.0009;0.8636;0.4176;3.0;4979;3312
69780.0;0.0009;0.8008;0.4172;3.0;4873;3235
69840.0;0.001;0.8335;0.4077;2.0;4418;3014
69900.0;0.0011;0.8006;0.4146;3.0;4374;2845
69960.0;0.0011;0.868;0.3999;2.0;3969;2710
70020.0;0.0011;0.8384;0.3997;2.0;3961;2711
70080.0;0.0011;0.7941;0.431;3.0;4308;2842
70140.0;0.001;0.8343;0.4252;2.0;4484;3028
70200.0;0.0008;0.7795;0.4117;2.0;4301;3277
70260.0;0.0008;0.8296;0.4522;3.0;5614;3644
70320.0;0.0008;0.8607;0.4427;3.0;6528;3976
70380.0;0.0008;0.8236;0.4412;3.0;6703;4220
70440.0;0.0008;0.8137;0.4798;3.0;8037;4429
70500.0;0.0008;0.8234;0.4595;3.0;7716;4488
70560.0;0.0008;0.8064;0.4615;3.0;8260;4469
70620.0;0.0009;0.8496;0.4561;3.0;8013;4256
70680.0;0.001;0.839;0.4399;3.0;7583;3984
70740.0;0.001;0.8638;0.4447;3.0;7218;3783
70800.0;0.0009;0.6956;0.4248;3.0;5708;3478
70860.0;0.0009;0.8156;0.4011;2.0;4765;3215
70920.0;0.001;0.8669;0.3911;2.0;4001;2900
70980.0;0.001;0.7937;0.3986;2.0;4151;2882
71040.0;0.0009;0.7865;0.3902;2.0;3676;2855
71100.0;0.001;0.7484;0.4199;2.0;4114;2923
71160.0;0.001;0.8191;0.4136;2.0;3769;2800
71220.0;0.001;0.778;0.4194;2.0;3777;2788
71280.0;0.001;0.878;0.4414;2.0;4082;2811
71340.0;0.0011;0.8458;0.4343;3.0;4446;2870
71400.0;0.0011;0.856;0.429;3.0;4436;2892
71460.0;0.0009;0.7532;0.393;2.0;3911;2945
71520.0;0.001;0.7815;0.3979;2.0;3955;2881
71580.0;0.0009;0.7985;0.4028;2.0;3730;2854
71640.0;0.001;0.7958;0.4003;2.0;3584;2651
71700.0;0.0011;0.8001;0.4137;2.0;3843;2687
71760.0;0.0011;0.6053;0.4011;2.0;3676;2604
71820.0;0.0012;0.5202;0.4298;3.0;3792;2479
71880.0;0.0013;0.4148;0.4348;3.0;4021;2444
71940.0;0.0013;0.8535;0.4181;3.0;3750;2418
72000.0;0.0013;0.8327;0.4079;3.0;3648;2401
72060.0;0.0013;0.8121;0.4501;3.0;3797;2430
72120.0;0.0012;0.7738;0.4036;2.0;3473;2448
72180.0;0.0013;0.812;0.4058;3.0;3962;2487
72240.0;0.0012;0.754;0.411;2.0;3771;2535
72300.0;0.0012;0.7026;0.4205;3.0;3907;2524
72360.0;0.0011;0.5668;0.4104;2.0;3612;2523
72420.0;0.0012;0.7532;0.4173;2.0;3447;2376
72480.0;0.0013;0.8241;0.4065;2.0;3087;2199
72540.0;0.0013;0.7653;0.4147;2.0;3114;2190
72600.0;0.0013;0.833;0.411;2.0;2779;2042
72660.0;0.0014;0.781;0.3975;2.0;2327;1809
72720.0;0.0015;0.6548;0.3606;2.0;2204;1727
72780.0;0.0015;0.6916;0.3851;2.0;1946;1603
72840.0;0.0013;0.6367;0.276;2.0;1580;1557
72900.0;0.0013;0.7174;0.3285;1.0;1479;1489
72960.0;0.0015;0.7616;0.3191;2.0;1393;1378
73020.0;0.0015;0.7006;0.3188;1.0;1233;1298
73080.0;0.0015;0.7828;0.3148;1.0;1218;1284
73140.0;0.0015;0.766;0.3107;1.0;1181;1270
73200.0;0.0016;0.8176;0.3361;1.0;1286;1288
73260.0;0.0017;0.8378;0.3577;2.0;1277;1222
73320.0;0.0018;0.8772;0.3828;2.0;1331;1202
73380.0;0.0017;0.836;0.3128;1.0;1079;1127
73440.0;0.0017;0.4063;0.327;1.0;1088;1142
73500.0;0.0018;0.5579;0.328;2.0;1135;1119
73560.0;0.0017;0.724;0.269;1.0;1112;1150
73620.0;0.0017;0.7327;0.3185;1.0;1188;1200
73680.0;0.0016;0.8211;0.3262;2.0;1299;1276
73740.0;0.0016;0.8713;0.3339;2.0;1369;1306
73800.0;0.0015;0.6884;0.3301;1.0;1317;1344
73860.0;0.0017;0.8005;0.4034;2.0;1631;1406
73920.0;0.0015;0.8582;0.3266;2.0;1580;1448
73980.0;0.0014;0.8112;0.3619;2.0;1713;1543
74040.0;0.0015;0.8027;0.3725;2.0;1829;1579
74100.0;0.0014;0.8187;0.3324;2.0;1532;1483
74160.0;0.0015;0.7024;0.3646;2.0;1629;1496
74220.0;0.0014;0.7901;0.3697;2.0;1604;1501
74280.0;0.0014;0.7492;0.3321;2.0;1470;1458
74340.0;0.0016;0.8112;0.3334;2.0;1505;1389
74400.0;0.0014;0.7104;0.3504;2.0;1518;1466
74460.0;0.0014;0.6094;0.3394;1.0;1456;1465
74520.0;0.0014;0.7998;0.3073;2.0;1503;1471
74580.0;0.0015;0.7896;0.3612;2.0;1563;1450
74640.0;0.0016;0.8159;0.3696;2.0;1658;1443
74700.0;0.0014;0.7172;0.354;2.0;1569;1481
74760.0;0.0014;0.7307;0.3209;2.0;1463;1431
74820.0;0.0014;0.7603;0.3176;2.0;1457;1446
74880.0;0.0014;0.8265;0.3164;1.0;1407;1443
74940.0;0.0015;0.6847;0.3341;2.0;1518;1423
75000.0;0.0014;0.6891;0.3069;1.0;1301;1369
75060.0;0.0015;0.7613;0.3233;1.0;1299;1325
75120.0;0.0017;0.7952;0.3689;2.0;1418;1295
75180.0;0.0018;0.7573;0.3464;2.0;1311;1221
75240.0;0.0018;0.7834;0.3556;2.0;1199;1157
75300.0;0.0019;0.8937;0.3494;2.0;1252;1138
75360.0;0.0017;0.7485;0.3405;2.0;1185;1169
75420.0;0.0018;0.6537;0.3082;1.0;1038;1086
75480.0;0.0018;0.827;0.292;1.0;1019;1076
75540.0;0.0016;0.6882;0.3372;1.0;1170;1215
75600.0;0.0016;0.6919;0.3441;1.0;1221;1236
75660.0;0.0015;0.7685;0.3787;2.0;1568;1449
75720.0;0.0015;0.9029;0.3714;2.0;1727;1543
75780.0;0.0013;0.7209;0.3927;2.0;2078;1770
75840.0;0.0013;0.7474;0.3927;2.0;2276;1903
75900.0;0.0013;0.8183;0.3892;2.0;2386;1954
75960.0;0.0014;0.8518;0.4076;2.0;2610;1909
76020.0;0.0013;0.822;0.3768;2.0;2261;1837
76080.0;0.0013;0.7514;0.3177;2.0;1789;1635
76140.0;0.0013;0.6374;0.3203;2.0;1569;1567
76200.0;0.0015;0.7887;0.3155;2.0;1418;1366
76260.0;0.0016;0.8182;0.3184;2.0;1337;1287
76320.0;0.0017;0.7249;0.3101;1.0;1126;1163
76380.0;0.0019;0.8319;0.3337;2.0;1059;1050
76440.0;0.0019;0.7997;0.3175;1.0;959;999
76500.0;0.002;0.7111;0.298;1.0;858;935
76560.0;0.0021;0.8679;0.3294;1.0;843;896
76620.0;0.0022;0.8465;0.3003;1.0;728;806
76680.0;0.0023;0.8587;0.2944;1.0;715;788
76740.0;0.0023;0.8297;0.2876;1.0;764;811
76800.0;0.0022;0.8483;0.2734;1.0;685;787
76860.0;0.0022;0.734;0.2837;1.0;677;783
76920.0;0.0023;0.7628;0.3128;1.0;657;760
76980.0;0.0021;0.6047;0.2394;1.0;562;738
77040.0;0.0025;0.7797;0.304;1.0;660;732
77100.0;0.0025;0.727;0.3298;1.0;690;737
77160.0;0.0025;0.7391;0.2833;1.0;581;680
77220.0;0.0024;0.7119;0.29;1.0;573;685
77280.0;0.0024;0.733;0.3153;1.0;748;785
77340.0;0.0025;0.7863;0.3026;1.0;728;765
77400.0;0.0022;0.7153;0.3001;1.0;771;841
77460.0;0.002;0.8053;0.287;1.0;792;888
77520.0;0.0018;0.6474;0.2662;1.0;811;942
77580.0;0.0019;0.8559;0.3386;1.0;1000;1015
77640.0;0.0018;0.6921;0.3075;1.0;893;999
77700.0;0.0016;0.7542;0.2834;1.0;970;1092
77760.0;0.0017;0.7472;0.3009;1.0;988;1071
77820.0;0.0019;0.7433;0.3621;1.0;1022;1034
77880.0;0.0019;0.7448;0.2707;1.0;940;1003
77940.0;0.0019;0.8421;0.3378;1.0;984;1010
78000.0;0.0023;0.7312;0.3551;2.0;919;902
78060.0;0.0023;0.7653;0.3144;1.0;776;817
78120.0;0.0019;0.5898;0.2216;1.0;657;840
78180.0;0.0021;0.7382;0.2823;1.0;700;810
78240.0;0.0022;0.9101;0.268;1.0;749;825
78300.0;0.0023;0.78;0.3048;1.0;677;764
78360.0;0.0023;0.7054;0.3269;1.0;693;779
78420.0;0.0025;0.7381;0.3077;1.0;679;740
78480.0;0.0023;0.739;0.2808;1.0;617;733
78540.0;0.0023;0.7254;0.2862;1.0;605;720
78600.0;0.0028;0.8353;0.3387;1.0;707;717
78660.0;0.0026;0.8095;0.2756;1.0;606;688
78720.0;0.0026;0.832;0.2768;1.0;602;679
78780.0;0.0024;0.7228;0.2975;1.0;579;702
78840.0;0.0024;0.6455;0.2706;1.0;569;689
78900.0;0.0022;0.7847;0.2932;1.0;704;809
78960.0;0.0021;0.7886;0.2928;1.0;709;829
79020.0;0.0022;0.7668;0.2923;1.0;736;827
79080.0;0.0018;0.7784;0.3164;1.0;871;975
79140.0;0.0017;0.7412;0.3022;1.0;956;1058
79200.0;0.0019;0.8586;0.3799;2.0;1328;1186
79260.0;0.0018;0.7867;0.4182;2.0;1537;1308
79320.0;0.0016;0.8054;0.3752;2.0;1688;1456
79380.0;0.0015;0.8057;0.3533;2.0;1709;1521
79440.0;0.0013;0.7144;0.3775;2.0;1814;1671
79500.0;0.0013;0.6856;0.3347;2.0;1787;1679
79560.0;0.0012;0.8629;0.3649;2.0;2075;1834
79620.0;0.0013;0.8191;0.3947;2.0;2302;1896
79680.0;0.0013;0.821;0.3734;2.0;2332;1894
79740.0;0.0014;0.9013;0.3642;2.0;2343;1842
79800.0;0.0014;0.8627;0.374;2.0;2219;1800
79860.0;0.0013;0.6923;0.3669;2.0;2176;1813
79920.0;0.0015;0.8337;0.381;2.0;2210;1736
79980.0;0.0014;0.7373;0.365;2.0;1886;1667
80040.0;0.0015;0.7821;0.3373;2.0;1790;1534
80100.0;0.0014;0.7156;0.317;2.0;1547;1480
80160.0;0.0014;0.8036;0.3062;2.0;1533;1493
80220.0;0.0015;0.8151;0.3294;2.0;1387;1351
80280.0;0.0015;0.6746;0.3105;1.0;1237;1283
80340.0;0.0017;0.851;0.3506;2.0;1447;1320
80400.0;0.0016;0.7429;0.2759;1.0;974;1094
80460.0;0.0018;0.8271;0.3417;2.0;1114;1098
80520.0;0.0021;0.7736;0.35;2.0;1013;980
80580.0;0.0021;0.8908;0.3018;1.0;926;932
80640.0;0.0021;0.8241;0.2712;1.0;778;861
80700.0;0.0022;0.7468;0.2737;1.0;667;777
80760.0;0.0023;0.7215;0.2411;1.0;560;704
80820.0;0.0022;0.5978;0.2181;1.0;532;698
80880.0;0.0023;0.7466;0.3031;1.0;661;763
80940.0;0.0023;0.6936;0.2947;1.0;650;755
81000.0;0.0023;0.8695;0.3633;1.0;858;869
81060.0;0.002;0.8241;0.3036;1.0;860;938
81120.0;0.002;0.9356;0.3319;1.0;961;986
81180.0;0.0018;0.7739;0.3318;1.0;1019;1054
81240.0;0.0019;0.8791;0.3427;2.0;1084;1075
81300.0;0.0019;0.7146;0.3362;2.0;1109;1081
81360.0;0.0018;0.7968;0.2975;1.0;986;1037
81420.0;0.0019;0.6331;0.3031;1.0;834;950
81480.0;0.0021;0.8495;0.2903;1.0;744;836
81540.0;0.0022;0.6441;0.277;1.0;616;752
81600.0;0.0024;0.6822;0.2813;1.0;602;714
81660.0;0.0028;0.7829;0.2761;1.0;500;598
81720.0;0.0032;0.5958;0.2858;1.0;386;490
81780.0;0.0034;0.7689;0.2804;1.0;369;466
81840.0;0.0042;0.7653;0.2704;1.0;298;377
81900.0;0.0039;0.6126;0.191;1.0;247;356
81960.0;0.0044;0.647;0.2118;1.0;241;332
82020.0;0.0046;0.7975;0.1908;1.0;246;329
82080.0;0.0046;0.5106;0.1013;1.0;172;273
82140.0;0.0046;0.7413;0.2394;1.0;218;308
82200.0;0.005;0.8711;0.1938;1.0;218;296
82260.0;0.0057;0.7693;0.2155;1.0;213;275
82320.0;0.0052;0.8039;0.2085;1.0;185;267
82380.0;0.0051;0.5742;0.2069;1.0;191;275
82440.0;0.0048;0.5448;0.1907;1.0;168;264
82500.0;0.0044;0.6387;0.1585;1.0;180;286
82560.0;0.0046;0.7009;0.1921;1.0;190;288
82620.0;0.0058;0.7713;0.3086;1.0;233;283
82680.0;0.0054;0.9311;0.2811;1.0;239;298
82740.0;0.0046;0.5175;0.2298;1.0;242;326
82800.0;0.0048;0.6925;0.2245;1.0;232;311
82860.0;0.0044;0.7128;0.1664;1.0;224;321
82920.0;0.0038;0.6125;0.1939;1.0;244;361
82980.0;0.0037;0.794;0.2193;1.0;247;364
83040.0;0.0037;0.8228;0.2436;1.0;325;422
83100.0;0.0035;0.7358;0.2249;1.0;329;432
83160.0;0.0034;0.6806;0.2656;1.0;361;461
83220.0;0.0034;0.7763;0.2124;1.0;357;461
83280.0;0.0035;0.5848;0.267;1.0;368;458
83340.0;0.0042;0.834;0.2748;1.0;352;409
83400.0;0.0042;0.8109;0.2754;1.0;307;383
83460.0;0.0042;0.5054;0.187;1.0;234;336
83520.0;0.0048;0.7936;0.2086;1.0;222;304
83580.0;0.005;0.8073;0.2205;1.0;207;288
83640.0;0.0056;0.5814;0.1792;1.0;176;252
83700.0;0.0062;0.7872;0.2047;1.0;166;232
83760.0;0.006;0.4712;0.0786;1.0;114;195
83820.0;0.007;0.6055;0.1685;1.0;121;186
83880.0;0.0062;0.4769;0.0772;1.0;111;190
83940.0;0.0074;0.8174;0.1955;1.0;127;186
84000.0;0.0075;0.8529;0.1696;1.0;108;170
84060.0;0.0077;0.6755;0.178;1.0;118;176
84120.0;0.0077;0.5258;0.1253;1.0;94;157
84180.0;0.0069;0.7006;0.1071;1.0;114;182
84240.0;0.0066;0.7184;0.2146;1.0;147;212
84300.0;0.007;0.7634;0.1324;1.0;119;185
84360.0;0.0068;0.2277;0.0667;1.0;97;170
84420.0;0.0076;0.8283;0.2512;1.0;148;198
84480.0;0.0069;0.623;0.1205;1.0;116;184
84540.0;0.0076;0.8282;0.2435;1.0;123;180
84600.0;0.0079;0.683;0.1905;1.0;111;168
84660.0;0.0079;0.7244;0.2071;1.0;112;169
84720.0;0.0067;0.6779;0.2343;1.0;150;212
84780.0;0.0082;0.6479;0.2249;1.0;117;169
84840.0;0.0072;0.6813;0.2225;1.0;151;206
84900.0;0.0072;0.6883;0.1981;1.0;130;191
84960.0;0.0069;0.125;0.0526;1.0;100;171
85020.0;0.0076;0.5798;0.1273;1.0;103;165
85080.0;0.0118;0.7105;0.2434;1.0;93;126
85140.0;0.012;0.8419;0.1582;1.0;77;114
85200.0;0.0142;0.6381;0.1738;1.0;62;94
85260.0;0.017;0.6219;0.081;1.0;41;70
85320.0;0.0182;0.6738;0.0581;1.0;39;66
85380.0;0.0221;0.6136;0.1607;1.0;34;56
85440.0;0.022;0.7065;0.06;1.0;27;50
85500.0;0.0493;0.8485;0.1954;1.0;20;29
85560.0;0.0245;0.4;0.12;1.0;30;50
85620.0;0.0234;0.8984;0.0769;1.0;31;52
85680.0;0.023;0.5091;0.0612;1.0;27;49
85740.0;0.0163;0.8837;0.0856;1.0;44;74
85800.0;0.0203;0.6565;0.1056;1.0;36;60
85860.0;0.0277;0.6445;0.124;1.0;25;43
85920.0;0.0275;0.7395;0.25;1.0;31;48
85980.0;0.0354;0.6648;0.155;1.0;32;43
86040.0;0.0563;0.6389;0.1364;1.0;13;22
86100.0;0.0529;0.8039;0.3333;1.0;20;28
86160.0;0.3;-0.5;0.0;1.0;3;5
86220.0;0.1429;nan;0.0;1.0;4;8
86280.0;1.0;nan;0.0;1.0;1;2
86340.0;1.0;nan;0.0;1.0;1;2
