{
    "status": 200, 
    "items": [
        {
            "localized_name": "Blink Dagger", 
            "name": "item_blink", 
            "recipe": 0, 
            "secret_shop": 0, 
            "cost": 2250, 
            "side_shop": 1, 
            "url_image": "http://cdn.dota2.com/apps/dota2/images/items/blink_lg.png", 
            "id": 1
        }, 
        {
            "localized_name": "Blades of Attack", 
            "name": "item_blades_of_attack", 
            "recipe": 0, 
            "secret_shop": 0, 
            "cost": 420, 
            "side_shop": 0, 
            "url_image": "http://cdn.dota2.com/apps/dota2/images/items/blades_of_attack_lg.png", 
            "id": 2
        }, 
        {
            "localized_name": "Broadsword", 
            "name": "item_broadsword", 
            "recipe": 0, 
            "secret_shop": 0, 
            "cost": 1200, 
            "side_shop": 1, 
            "url_image": "http://cdn.dota2.com/apps/dota2/images/items/broadsword_lg.png", 
            "id": 3
        }, 
        {
            "localized_name": "Chainmail", 
            "name": "item_chainmail", 
            "recipe": 0, 
            "secret_shop": 0, 
            "cost": 550, 
            "side_shop": 1, 
            "url_image": "http://cdn.dota2.com/apps/dota2/images/items/chainmail_lg.png", 
            "id": 4
        }, 
        {
            "localized_name": "Claymore", 
            "name": "item_claymore", 
            "recipe": 0, 
            "secret_shop": 0, 
            "cost": 1400, 
            "side_shop": 0, 
            "url_image": "http://cdn.dota2.com/apps/dota2/images/items/claymore_lg.png", 
            "id": 5
        }, 
        {
            "localized_name": "Helm of Iron Will", 
            "name": "item_helm_of_iron_will", 
            "recipe": 0, 
            "secret_shop": 0, 
            "cost": 900, 
            "side_shop": 1, 
            "url_image": "http://cdn.dota2.com/apps/dota2/images/items/helm_of_iron_will_lg.png", 
            "id": 6
        }, 
        {
            "localized_name": "Javelin", 
            "name": "item_javelin", 
            "recipe": 0, 
            "secret_shop": 0, 
            "cost": 1100, 
            "side_shop": 0, 
            "url_image": "http://cdn.dota2.com/apps/dota2/images/items/javelin_lg.png", 
            "id": 7
        }, 
        {
            "localized_name": "Mithril Hammer", 
            "name": "item_mithril_hammer", 
            "recipe": 0, 
            "secret_shop": 0, 
            "cost": 1600, 
            "side_shop": 0, 
            "url_image": "http://cdn.dota2.com/apps/dota2/images/items/mithril_hammer_lg.png", 
            "id": 8
        }, 
        {
            "localized_name": "Platemail", 
            "name": "item_platemail", 
            "recipe": 0, 
            "secret_shop": 1, 
            "cost": 1400, 
            "side_shop": 0, 
            "url_image": "http://cdn.dota2.com/apps/dota2/images/items/platemail_lg.png", 
            "id": 9
        }, 
        {
            "localized_name": "Quarterstaff", 
            "name": "item_quarterstaff", 
            "recipe": 0, 
            "secret_shop": 0, 
            "cost": 875, 
            "side_shop": 0, 
            "url_image": "http://cdn.dota2.com/apps/dota2/images/items/quarterstaff_lg.png", 
            "id": 10
        }, 
        {
            "localized_name": "Quelling Blade", 
            "name": "item_quelling_blade", 
            "recipe": 0, 
            "secret_shop": 0, 
            "cost": 200, 
            "side_shop": 1, 
            "url_image": "http://cdn.dota2.com/apps/dota2/images/items/quelling_blade_lg.png", 
            "id": 11
        }, 
        {
            "localized_name": "Faerie Fire", 
            "name": "item_faerie_fire", 
            "recipe": 0, 
            "secret_shop": 0, 
            "cost": 70, 
            "side_shop": 0, 
            "url_image": "http://cdn.dota2.com/apps/dota2/images/items/faerie_fire_lg.png", 
            "id": 237
        }, 
        {
            "localized_name": "Infused Raindrops", 
            "name": "item_infused_raindrop", 
            "recipe": 0, 
            "secret_shop": 0, 
            "cost": 225, 
            "side_shop": 0, 
            "url_image": "http://cdn.dota2.com/apps/dota2/images/items/infused_raindrop_lg.png", 
            "id": 265
        }, 
        {
            "localized_name": "Wind Lace", 
            "name": "item_wind_lace", 
            "recipe": 0, 
            "secret_shop": 0, 
            "cost": 250, 
            "side_shop": 0, 
            "url_image": "http://cdn.dota2.com/apps/dota2/images/items/wind_lace_lg.png", 
            "id": 244
        }, 
        {
            "localized_name": "Ring of Protection", 
            "name": "item_ring_of_protection", 
            "recipe": 0, 
            "secret_shop": 0, 
            "cost": 175, 
            "side_shop": 1, 
            "url_image": "http://cdn.dota2.com/apps/dota2/images/items/ring_of_protection_lg.png", 
            "id": 12
        }, 
        {
            "localized_name": "Stout Shield", 
            "name": "item_stout_shield", 
            "recipe": 0, 
            "secret_shop": 0, 
            "cost": 200, 
            "side_shop": 0, 
            "url_image": "http://cdn.dota2.com/apps/dota2/images/items/stout_shield_lg.png", 
            "id": 182
        }, 
        {
            "localized_name": "Recipe: Moon Shard", 
            "name": "item_recipe_moon_shard", 
            "recipe": 1, 
            "secret_shop": 0, 
            "cost": 0, 
            "side_shop": 0, 
            "url_image": "http://cdn.dota2.com/apps/dota2/images/items/recipe_moon_shard_lg.png", 
            "id": 246
        }, 
        {
            "localized_name": "Moon Shard", 
            "name": "item_moon_shard", 
            "recipe": 0, 
            "secret_shop": 0, 
            "cost": 4000, 
            "side_shop": 0, 
            "url_image": "http://cdn.dota2.com/apps/dota2/images/items/moon_shard_lg.png", 
            "id": 247
        }, 
        {
            "localized_name": "Gauntlets of Strength", 
            "name": "item_gauntlets", 
            "recipe": 0, 
            "secret_shop": 0, 
            "cost": 135, 
            "side_shop": 0, 
            "url_image": "http://cdn.dota2.com/apps/dota2/images/items/gauntlets_lg.png", 
            "id": 13
        }, 
        {
            "localized_name": "Slippers of Agility", 
            "name": "item_slippers", 
            "recipe": 0, 
            "secret_shop": 0, 
            "cost": 135, 
            "side_shop": 0, 
            "url_image": "http://cdn.dota2.com/apps/dota2/images/items/slippers_lg.png", 
            "id": 14
        }, 
        {
            "localized_name": "Mantle of Intelligence", 
            "name": "item_mantle", 
            "recipe": 0, 
            "secret_shop": 0, 
            "cost": 135, 
            "side_shop": 0, 
            "url_image": "http://cdn.dota2.com/apps/dota2/images/items/mantle_lg.png", 
            "id": 15
        }, 
        {
            "localized_name": "Iron Branch", 
            "name": "item_branches", 
            "recipe": 0, 
            "secret_shop": 0, 
            "cost": 50, 
            "side_shop": 0, 
            "url_image": "http://cdn.dota2.com/apps/dota2/images/items/branches_lg.png", 
            "id": 16
        }, 
        {
            "localized_name": "Belt of Strength", 
            "name": "item_belt_of_strength", 
            "recipe": 0, 
            "secret_shop": 0, 
            "cost": 450, 
            "side_shop": 1, 
            "url_image": "http://cdn.dota2.com/apps/dota2/images/items/belt_of_strength_lg.png", 
            "id": 17
        }, 
        {
            "localized_name": "Band of Elvenskin", 
            "name": "item_boots_of_elves", 
            "recipe": 0, 
            "secret_shop": 0, 
            "cost": 450, 
            "side_shop": 1, 
            "url_image": "http://cdn.dota2.com/apps/dota2/images/items/boots_of_elves_lg.png", 
            "id": 18
        }, 
        {
            "localized_name": "Robe of the Magi", 
            "name": "item_robe", 
            "recipe": 0, 
            "secret_shop": 0, 
            "cost": 450, 
            "side_shop": 1, 
            "url_image": "http://cdn.dota2.com/apps/dota2/images/items/robe_lg.png", 
            "id": 19
        }, 
        {
            "localized_name": "Circlet", 
            "name": "item_circlet", 
            "recipe": 0, 
            "secret_shop": 0, 
            "cost": 165, 
            "side_shop": 0, 
            "url_image": "http://cdn.dota2.com/apps/dota2/images/items/circlet_lg.png", 
            "id": 20
        }, 
        {
            "localized_name": "Ogre Axe", 
            "name": "item_ogre_axe", 
            "recipe": 0, 
            "secret_shop": 0, 
            "cost": 1000, 
            "side_shop": 0, 
            "url_image": "http://cdn.dota2.com/apps/dota2/images/items/ogre_axe_lg.png", 
            "id": 21
        }, 
        {
            "localized_name": "Blade of Alacrity", 
            "name": "item_blade_of_alacrity", 
            "recipe": 0, 
            "secret_shop": 0, 
            "cost": 1000, 
            "side_shop": 0, 
            "url_image": "http://cdn.dota2.com/apps/dota2/images/items/blade_of_alacrity_lg.png", 
            "id": 22
        }, 
        {
            "localized_name": "Staff of Wizardry", 
            "name": "item_staff_of_wizardry", 
            "recipe": 0, 
            "secret_shop": 0, 
            "cost": 1000, 
            "side_shop": 0, 
            "url_image": "http://cdn.dota2.com/apps/dota2/images/items/staff_of_wizardry_lg.png", 
            "id": 23
        }, 
        {
            "localized_name": "Ultimate Orb", 
            "name": "item_ultimate_orb", 
            "recipe": 0, 
            "secret_shop": 1, 
            "cost": 2150, 
            "side_shop": 0, 
            "url_image": "http://cdn.dota2.com/apps/dota2/images/items/ultimate_orb_lg.png", 
            "id": 24
        }, 
        {
            "localized_name": "Gloves of Haste", 
            "name": "item_gloves", 
            "recipe": 0, 
            "secret_shop": 0, 
            "cost": 500, 
            "side_shop": 1, 
            "url_image": "http://cdn.dota2.com/apps/dota2/images/items/gloves_lg.png", 
            "id": 25
        }, 
        {
            "localized_name": "Morbid Mask", 
            "name": "item_lifesteal", 
            "recipe": 0, 
            "secret_shop": 0, 
            "cost": 1100, 
            "side_shop": 1, 
            "url_image": "http://cdn.dota2.com/apps/dota2/images/items/lifesteal_lg.png", 
            "id": 26
        }, 
        {
            "localized_name": "Ring of Regen", 
            "name": "item_ring_of_regen", 
            "recipe": 0, 
            "secret_shop": 0, 
            "cost": 300, 
            "side_shop": 0, 
            "url_image": "http://cdn.dota2.com/apps/dota2/images/items/ring_of_regen_lg.png", 
            "id": 27
        }, 
        {
            "localized_name": "Sage's Mask", 
            "name": "item_sobi_mask", 
            "recipe": 0, 
            "secret_shop": 0, 
            "cost": 325, 
            "side_shop": 0, 
            "url_image": "http://cdn.dota2.com/apps/dota2/images/items/sobi_mask_lg.png", 
            "id": 28
        }, 
        {
            "localized_name": "Boots of Speed", 
            "name": "item_boots", 
            "recipe": 0, 
            "secret_shop": 0, 
            "cost": 400, 
            "side_shop": 1, 
            "url_image": "http://cdn.dota2.com/apps/dota2/images/items/boots_lg.png", 
            "id": 29
        }, 
        {
            "localized_name": "Gem of True Sight", 
            "name": "item_gem", 
            "recipe": 0, 
            "secret_shop": 0, 
            "cost": 900, 
            "side_shop": 0, 
            "url_image": "http://cdn.dota2.com/apps/dota2/images/items/gem_lg.png", 
            "id": 30
        }, 
        {
            "localized_name": "Cloak", 
            "name": "item_cloak", 
            "recipe": 0, 
            "secret_shop": 0, 
            "cost": 550, 
            "side_shop": 1, 
            "url_image": "http://cdn.dota2.com/apps/dota2/images/items/cloak_lg.png", 
            "id": 31
        }, 
        {
            "localized_name": "Talisman of Evasion", 
            "name": "item_talisman_of_evasion", 
            "recipe": 0, 
            "secret_shop": 1, 
            "cost": 1450, 
            "side_shop": 0, 
            "url_image": "http://cdn.dota2.com/apps/dota2/images/items/talisman_of_evasion_lg.png", 
            "id": 32
        }, 
        {
            "localized_name": "Cheese", 
            "name": "item_cheese", 
            "recipe": 0, 
            "secret_shop": 0, 
            "cost": 1000, 
            "side_shop": 0, 
            "url_image": "http://cdn.dota2.com/apps/dota2/images/items/cheese_lg.png", 
            "id": 33
        }, 
        {
            "localized_name": "Magic Stick", 
            "name": "item_magic_stick", 
            "recipe": 0, 
            "secret_shop": 0, 
            "cost": 200, 
            "side_shop": 1, 
            "url_image": "http://cdn.dota2.com/apps/dota2/images/items/magic_stick_lg.png", 
            "id": 34
        }, 
        {
            "localized_name": "Recipe: Magic Wand", 
            "name": "item_recipe_magic_wand", 
            "recipe": 1, 
            "secret_shop": 0, 
            "cost": 0, 
            "side_shop": 0, 
            "url_image": "http://cdn.dota2.com/apps/dota2/images/items/recipe_magic_wand_lg.png", 
            "id": 35
        }, 
        {
            "localized_name": "Magic Wand", 
            "name": "item_magic_wand", 
            "recipe": 0, 
            "secret_shop": 0, 
            "cost": 400, 
            "side_shop": 0, 
            "url_image": "http://cdn.dota2.com/apps/dota2/images/items/magic_wand_lg.png", 
            "id": 36
        }, 
        {
            "localized_name": "Ghost Scepter", 
            "name": "item_ghost", 
            "recipe": 0, 
            "secret_shop": 0, 
            "cost": 1500, 
            "side_shop": 0, 
            "url_image": "http://cdn.dota2.com/apps/dota2/images/items/ghost_lg.png", 
            "id": 37
        }, 
        {
            "localized_name": "Clarity", 
            "name": "item_clarity", 
            "recipe": 0, 
            "secret_shop": 0, 
            "cost": 50, 
            "side_shop": 0, 
            "url_image": "http://cdn.dota2.com/apps/dota2/images/items/clarity_lg.png", 
            "id": 38
        }, 
        {
            "localized_name": "Enchanted Mango", 
            "name": "item_enchanted_mango", 
            "recipe": 0, 
            "secret_shop": 0, 
            "cost": 100, 
            "side_shop": 0, 
            "url_image": "http://cdn.dota2.com/apps/dota2/images/items/enchanted_mango_lg.png", 
            "id": 216
        }, 
        {
            "localized_name": "Healing Salve", 
            "name": "item_flask", 
            "recipe": 0, 
            "secret_shop": 0, 
            "cost": 110, 
            "side_shop": 0, 
            "url_image": "http://cdn.dota2.com/apps/dota2/images/items/flask_lg.png", 
            "id": 39
        }, 
        {
            "localized_name": "Dust of Appearance", 
            "name": "item_dust", 
            "recipe": 0, 
            "secret_shop": 0, 
            "cost": 180, 
            "side_shop": 0, 
            "url_image": "http://cdn.dota2.com/apps/dota2/images/items/dust_lg.png", 
            "id": 40
        }, 
        {
            "localized_name": "Bottle", 
            "name": "item_bottle", 
            "recipe": 0, 
            "secret_shop": 1, 
            "cost": 650, 
            "side_shop": 0, 
            "url_image": "http://cdn.dota2.com/apps/dota2/images/items/bottle_lg.png", 
            "id": 41
        }, 
        {
            "localized_name": "Observer Ward", 
            "name": "item_ward_observer", 
            "recipe": 0, 
            "secret_shop": 0, 
            "cost": 80, 
            "side_shop": 0, 
            "url_image": "http://cdn.dota2.com/apps/dota2/images/items/ward_observer_lg.png", 
            "id": 42
        }, 
        {
            "localized_name": "Sentry Ward", 
            "name": "item_ward_sentry", 
            "recipe": 0, 
            "secret_shop": 0, 
            "cost": 100, 
            "side_shop": 0, 
            "url_image": "http://cdn.dota2.com/apps/dota2/images/items/ward_sentry_lg.png", 
            "id": 43
        }, 
        {
            "localized_name": "Recipe: Observer and Sentry Wards", 
            "name": "item_recipe_ward_dispenser", 
            "recipe": 1, 
            "secret_shop": 0, 
            "cost": 0, 
            "side_shop": 0, 
            "url_image": "http://cdn.dota2.com/apps/dota2/images/items/recipe_ward_dispenser_lg.png", 
            "id": 217
        }, 
        {
            "localized_name": "Observer and Sentry Wards", 
            "name": "item_ward_dispenser", 
            "recipe": 0, 
            "secret_shop": 0, 
            "cost": 180, 
            "side_shop": 0, 
            "url_image": "http://cdn.dota2.com/apps/dota2/images/items/ward_dispenser_lg.png", 
            "id": 218
        }, 
        {
            "localized_name": "Tango", 
            "name": "item_tango", 
            "recipe": 0, 
            "secret_shop": 0, 
            "cost": 150, 
            "side_shop": 0, 
            "url_image": "http://cdn.dota2.com/apps/dota2/images/items/tango_lg.png", 
            "id": 44
        }, 
        {
            "localized_name": "Tango (Shared)", 
            "name": "item_tango_single", 
            "recipe": 0, 
            "secret_shop": 0, 
            "cost": 30, 
            "side_shop": 0, 
            "url_image": "http://cdn.dota2.com/apps/dota2/images/items/tango_single_lg.png", 
            "id": 241
        }, 
        {
            "localized_name": "Animal Courier", 
            "name": "item_courier", 
            "recipe": 0, 
            "secret_shop": 0, 
            "cost": 200, 
            "side_shop": 0, 
            "url_image": "http://cdn.dota2.com/apps/dota2/images/items/courier_lg.png", 
            "id": 45
        }, 
        {
            "localized_name": "Town Portal Scroll", 
            "name": "item_tpscroll", 
            "recipe": 0, 
            "secret_shop": 0, 
            "cost": 50, 
            "side_shop": 1, 
            "url_image": "http://cdn.dota2.com/apps/dota2/images/items/tpscroll_lg.png", 
            "id": 46
        }, 
        {
            "localized_name": "Recipe: Boots of Travel", 
            "name": "item_recipe_travel_boots", 
            "recipe": 1, 
            "secret_shop": 0, 
            "cost": 2000, 
            "side_shop": 0, 
            "url_image": "http://cdn.dota2.com/apps/dota2/images/items/recipe_travel_boots_lg.png", 
            "id": 47
        }, 
        {
            "localized_name": "Recipe: Boots of Travel", 
            "name": "item_recipe_travel_boots_2", 
            "recipe": 1, 
            "secret_shop": 0, 
            "cost": 0, 
            "side_shop": 0, 
            "url_image": "http://cdn.dota2.com/apps/dota2/images/items/recipe_travel_boots_2_lg.png", 
            "id": 219
        }, 
        {
            "localized_name": "Boots of Travel", 
            "name": "item_travel_boots", 
            "recipe": 0, 
            "secret_shop": 0, 
            "cost": 2400, 
            "side_shop": 0, 
            "url_image": "http://cdn.dota2.com/apps/dota2/images/items/travel_boots_lg.png", 
            "id": 48
        }, 
        {
            "localized_name": "Boots of Travel", 
            "name": "item_travel_boots_2", 
            "recipe": 0, 
            "secret_shop": 0, 
            "cost": 4400, 
            "side_shop": 0, 
            "url_image": "http://cdn.dota2.com/apps/dota2/images/items/travel_boots_2_lg.png", 
            "id": 220
        }, 
        {
            "localized_name": "Recipe: Phase Boots", 
            "name": "item_recipe_phase_boots", 
            "recipe": 1, 
            "secret_shop": 0, 
            "cost": 0, 
            "side_shop": 0, 
            "url_image": "http://cdn.dota2.com/apps/dota2/images/items/recipe_phase_boots_lg.png", 
            "id": 49
        }, 
        {
            "localized_name": "Phase Boots", 
            "name": "item_phase_boots", 
            "recipe": 0, 
            "secret_shop": 0, 
            "cost": 1240, 
            "side_shop": 0, 
            "url_image": "http://cdn.dota2.com/apps/dota2/images/items/phase_boots_lg.png", 
            "id": 50
        }, 
        {
            "localized_name": "Demon Edge", 
            "name": "item_demon_edge", 
            "recipe": 0, 
            "secret_shop": 1, 
            "cost": 2200, 
            "side_shop": 0, 
            "url_image": "http://cdn.dota2.com/apps/dota2/images/items/demon_edge_lg.png", 
            "id": 51
        }, 
        {
            "localized_name": "Eaglesong", 
            "name": "item_eagle", 
            "recipe": 0, 
            "secret_shop": 1, 
            "cost": 3200, 
            "side_shop": 0, 
            "url_image": "http://cdn.dota2.com/apps/dota2/images/items/eagle_lg.png", 
            "id": 52
        }, 
        {
            "localized_name": "Reaver", 
            "name": "item_reaver", 
            "recipe": 0, 
            "secret_shop": 1, 
            "cost": 3000, 
            "side_shop": 0, 
            "url_image": "http://cdn.dota2.com/apps/dota2/images/items/reaver_lg.png", 
            "id": 53
        }, 
        {
            "localized_name": "Sacred Relic", 
            "name": "item_relic", 
            "recipe": 0, 
            "secret_shop": 1, 
            "cost": 3800, 
            "side_shop": 0, 
            "url_image": "http://cdn.dota2.com/apps/dota2/images/items/relic_lg.png", 
            "id": 54
        }, 
        {
            "localized_name": "Hyperstone", 
            "name": "item_hyperstone", 
            "recipe": 0, 
            "secret_shop": 1, 
            "cost": 2000, 
            "side_shop": 0, 
            "url_image": "http://cdn.dota2.com/apps/dota2/images/items/hyperstone_lg.png", 
            "id": 55
        }, 
        {
            "localized_name": "Ring of Health", 
            "name": "item_ring_of_health", 
            "recipe": 0, 
            "secret_shop": 1, 
            "cost": 850, 
            "side_shop": 0, 
            "url_image": "http://cdn.dota2.com/apps/dota2/images/items/ring_of_health_lg.png", 
            "id": 56
        }, 
        {
            "localized_name": "Void Stone", 
            "name": "item_void_stone", 
            "recipe": 0, 
            "secret_shop": 1, 
            "cost": 850, 
            "side_shop": 1, 
            "url_image": "http://cdn.dota2.com/apps/dota2/images/items/void_stone_lg.png", 
            "id": 57
        }, 
        {
            "localized_name": "Mystic Staff", 
            "name": "item_mystic_staff", 
            "recipe": 0, 
            "secret_shop": 1, 
            "cost": 2700, 
            "side_shop": 0, 
            "url_image": "http://cdn.dota2.com/apps/dota2/images/items/mystic_staff_lg.png", 
            "id": 58
        }, 
        {
            "localized_name": "Energy Booster", 
            "name": "item_energy_booster", 
            "recipe": 0, 
            "secret_shop": 1, 
            "cost": 900, 
            "side_shop": 1, 
            "url_image": "http://cdn.dota2.com/apps/dota2/images/items/energy_booster_lg.png", 
            "id": 59
        }, 
        {
            "localized_name": "Point Booster", 
            "name": "item_point_booster", 
            "recipe": 0, 
            "secret_shop": 1, 
            "cost": 1200, 
            "side_shop": 0, 
            "url_image": "http://cdn.dota2.com/apps/dota2/images/items/point_booster_lg.png", 
            "id": 60
        }, 
        {
            "localized_name": "Vitality Booster", 
            "name": "item_vitality_booster", 
            "recipe": 0, 
            "secret_shop": 1, 
            "cost": 1100, 
            "side_shop": 1, 
            "url_image": "http://cdn.dota2.com/apps/dota2/images/items/vitality_booster_lg.png", 
            "id": 61
        }, 
        {
            "localized_name": "Recipe: Power Treads", 
            "name": "item_recipe_power_treads", 
            "recipe": 1, 
            "secret_shop": 0, 
            "cost": 0, 
            "side_shop": 0, 
            "url_image": "http://cdn.dota2.com/apps/dota2/images/items/recipe_power_treads_lg.png", 
            "id": 62
        }, 
        {
            "localized_name": "Power Treads", 
            "name": "item_power_treads", 
            "recipe": 0, 
            "secret_shop": 0, 
            "cost": 1350, 
            "side_shop": 0, 
            "url_image": "http://cdn.dota2.com/apps/dota2/images/items/power_treads_lg.png", 
            "id": 63
        }, 
        {
            "localized_name": "Recipe: Hand of Midas", 
            "name": "item_recipe_hand_of_midas", 
            "recipe": 1, 
            "secret_shop": 0, 
            "cost": 1650, 
            "side_shop": 0, 
            "url_image": "http://cdn.dota2.com/apps/dota2/images/items/recipe_hand_of_midas_lg.png", 
            "id": 64
        }, 
        {
            "localized_name": "Hand of Midas", 
            "name": "item_hand_of_midas", 
            "recipe": 0, 
            "secret_shop": 0, 
            "cost": 2150, 
            "side_shop": 0, 
            "url_image": "http://cdn.dota2.com/apps/dota2/images/items/hand_of_midas_lg.png", 
            "id": 65
        }, 
        {
            "localized_name": "Recipe: Oblivion Staff", 
            "name": "item_recipe_oblivion_staff", 
            "recipe": 1, 
            "secret_shop": 0, 
            "cost": 0, 
            "side_shop": 0, 
            "url_image": "http://cdn.dota2.com/apps/dota2/images/items/recipe_oblivion_staff_lg.png", 
            "id": 66
        }, 
        {
            "localized_name": "Oblivion Staff", 
            "name": "item_oblivion_staff", 
            "recipe": 0, 
            "secret_shop": 0, 
            "cost": 1650, 
            "side_shop": 0, 
            "url_image": "http://cdn.dota2.com/apps/dota2/images/items/oblivion_staff_lg.png", 
            "id": 67
        }, 
        {
            "localized_name": "Recipe: Perseverance", 
            "name": "item_recipe_pers", 
            "recipe": 1, 
            "secret_shop": 0, 
            "cost": 0, 
            "side_shop": 0, 
            "url_image": "http://cdn.dota2.com/apps/dota2/images/items/recipe_pers_lg.png", 
            "id": 68
        }, 
        {
            "localized_name": "Perseverance", 
            "name": "item_pers", 
            "recipe": 0, 
            "secret_shop": 0, 
            "cost": 1700, 
            "side_shop": 0, 
            "url_image": "http://cdn.dota2.com/apps/dota2/images/items/pers_lg.png", 
            "id": 69
        }, 
        {
            "localized_name": "Recipe: Poor Man's Shield", 
            "name": "item_recipe_poor_mans_shield", 
            "recipe": 1, 
            "secret_shop": 0, 
            "cost": 0, 
            "side_shop": 0, 
            "url_image": "http://cdn.dota2.com/apps/dota2/images/items/recipe_poor_mans_shield_lg.png", 
            "id": 70
        }, 
        {
            "localized_name": "Poor Man's Shield", 
            "name": "item_poor_mans_shield", 
            "recipe": 0, 
            "secret_shop": 0, 
            "cost": 0, 
            "side_shop": 0, 
            "url_image": "http://cdn.dota2.com/apps/dota2/images/items/poor_mans_shield_lg.png", 
            "id": 71
        }, 
        {
            "localized_name": "Recipe: Bracer", 
            "name": "item_recipe_bracer", 
            "recipe": 1, 
            "secret_shop": 0, 
            "cost": 165, 
            "side_shop": 0, 
            "url_image": "http://cdn.dota2.com/apps/dota2/images/items/recipe_bracer_lg.png", 
            "id": 72
        }, 
        {
            "localized_name": "Bracer", 
            "name": "item_bracer", 
            "recipe": 0, 
            "secret_shop": 0, 
            "cost": 465, 
            "side_shop": 0, 
            "url_image": "http://cdn.dota2.com/apps/dota2/images/items/bracer_lg.png", 
            "id": 73
        }, 
        {
            "localized_name": "Recipe: Wraith Band", 
            "name": "item_recipe_wraith_band", 
            "recipe": 1, 
            "secret_shop": 0, 
            "cost": 165, 
            "side_shop": 0, 
            "url_image": "http://cdn.dota2.com/apps/dota2/images/items/recipe_wraith_band_lg.png", 
            "id": 74
        }, 
        {
            "localized_name": "Wraith Band", 
            "name": "item_wraith_band", 
            "recipe": 0, 
            "secret_shop": 0, 
            "cost": 465, 
            "side_shop": 0, 
            "url_image": "http://cdn.dota2.com/apps/dota2/images/items/wraith_band_lg.png", 
            "id": 75
        }, 
        {
            "localized_name": "Recipe: Null Talisman", 
            "name": "item_recipe_null_talisman", 
            "recipe": 1, 
            "secret_shop": 0, 
            "cost": 165, 
            "side_shop": 0, 
            "url_image": "http://cdn.dota2.com/apps/dota2/images/items/recipe_null_talisman_lg.png", 
            "id": 76
        }, 
        {
            "localized_name": "Null Talisman", 
            "name": "item_null_talisman", 
            "recipe": 0, 
            "secret_shop": 0, 
            "cost": 465, 
            "side_shop": 0, 
            "url_image": "http://cdn.dota2.com/apps/dota2/images/items/null_talisman_lg.png", 
            "id": 77
        }, 
        {
            "localized_name": "Recipe: Mekansm", 
            "name": "item_recipe_mekansm", 
            "recipe": 1, 
            "secret_shop": 0, 
            "cost": 900, 
            "side_shop": 0, 
            "url_image": "http://cdn.dota2.com/apps/dota2/images/items/recipe_mekansm_lg.png", 
            "id": 78
        }, 
        {
            "localized_name": "Mekansm", 
            "name": "item_mekansm", 
            "recipe": 0, 
            "secret_shop": 0, 
            "cost": 2350, 
            "side_shop": 0, 
            "url_image": "http://cdn.dota2.com/apps/dota2/images/items/mekansm_lg.png", 
            "id": 79
        }, 
        {
            "localized_name": "Recipe: Vladmir's Offering", 
            "name": "item_recipe_vladmir", 
            "recipe": 1, 
            "secret_shop": 0, 
            "cost": 0, 
            "side_shop": 0, 
            "url_image": "http://cdn.dota2.com/apps/dota2/images/items/recipe_vladmir_lg.png", 
            "id": 80
        }, 
        {
            "localized_name": "Vladmir's Offering", 
            "name": "item_vladmir", 
            "recipe": 0, 
            "secret_shop": 0, 
            "cost": 2250, 
            "side_shop": 0, 
            "url_image": "http://cdn.dota2.com/apps/dota2/images/items/vladmir_lg.png", 
            "id": 81
        }, 
        {
            "localized_name": "Recipe: Buckler", 
            "name": "item_recipe_buckler", 
            "recipe": 1, 
            "secret_shop": 0, 
            "cost": 200, 
            "side_shop": 0, 
            "url_image": "http://cdn.dota2.com/apps/dota2/images/items/recipe_buckler_lg.png", 
            "id": 85
        }, 
        {
            "localized_name": "Buckler", 
            "name": "item_buckler", 
            "recipe": 0, 
            "secret_shop": 0, 
            "cost": 800, 
            "side_shop": 0, 
            "url_image": "http://cdn.dota2.com/apps/dota2/images/items/buckler_lg.png", 
            "id": 86
        }, 
        {
            "localized_name": "Recipe: Ring of Basilius", 
            "name": "item_recipe_ring_of_basilius", 
            "recipe": 1, 
            "secret_shop": 0, 
            "cost": 0, 
            "side_shop": 0, 
            "url_image": "http://cdn.dota2.com/apps/dota2/images/items/recipe_ring_of_basilius_lg.png", 
            "id": 87
        }, 
        {
            "localized_name": "Ring of Basilius", 
            "name": "item_ring_of_basilius", 
            "recipe": 0, 
            "secret_shop": 0, 
            "cost": 500, 
            "side_shop": 0, 
            "url_image": "http://cdn.dota2.com/apps/dota2/images/items/ring_of_basilius_lg.png", 
            "id": 88
        }, 
        {
            "localized_name": "Recipe: Pipe of Insight", 
            "name": "item_recipe_pipe", 
            "recipe": 1, 
            "secret_shop": 0, 
            "cost": 800, 
            "side_shop": 0, 
            "url_image": "http://cdn.dota2.com/apps/dota2/images/items/recipe_pipe_lg.png", 
            "id": 89
        }, 
        {
            "localized_name": "Pipe of Insight", 
            "name": "item_pipe", 
            "recipe": 0, 
            "secret_shop": 0, 
            "cost": 3150, 
            "side_shop": 0, 
            "url_image": "http://cdn.dota2.com/apps/dota2/images/items/pipe_lg.png", 
            "id": 90
        }, 
        {
            "localized_name": "Recipe: Urn of Shadows", 
            "name": "item_recipe_urn_of_shadows", 
            "recipe": 1, 
            "secret_shop": 0, 
            "cost": 310, 
            "side_shop": 0, 
            "url_image": "http://cdn.dota2.com/apps/dota2/images/items/recipe_urn_of_shadows_lg.png", 
            "id": 91
        }, 
        {
            "localized_name": "Urn of Shadows", 
            "name": "item_urn_of_shadows", 
            "recipe": 0, 
            "secret_shop": 0, 
            "cost": 875, 
            "side_shop": 0, 
            "url_image": "http://cdn.dota2.com/apps/dota2/images/items/urn_of_shadows_lg.png", 
            "id": 92
        }, 
        {
            "localized_name": "Recipe: Headdress", 
            "name": "item_recipe_headdress", 
            "recipe": 1, 
            "secret_shop": 0, 
            "cost": 300, 
            "side_shop": 0, 
            "url_image": "http://cdn.dota2.com/apps/dota2/images/items/recipe_headdress_lg.png", 
            "id": 93
        }, 
        {
            "localized_name": "Headdress", 
            "name": "item_headdress", 
            "recipe": 0, 
            "secret_shop": 0, 
            "cost": 650, 
            "side_shop": 0, 
            "url_image": "http://cdn.dota2.com/apps/dota2/images/items/headdress_lg.png", 
            "id": 94
        }, 
        {
            "localized_name": "Recipe: Scythe of Vyse", 
            "name": "item_recipe_sheepstick", 
            "recipe": 1, 
            "secret_shop": 0, 
            "cost": 0, 
            "side_shop": 0, 
            "url_image": "http://cdn.dota2.com/apps/dota2/images/items/recipe_sheepstick_lg.png", 
            "id": 95
        }, 
        {
            "localized_name": "Scythe of Vyse", 
            "name": "item_sheepstick", 
            "recipe": 0, 
            "secret_shop": 0, 
            "cost": 5700, 
            "side_shop": 0, 
            "url_image": "http://cdn.dota2.com/apps/dota2/images/items/sheepstick_lg.png", 
            "id": 96
        }, 
        {
            "localized_name": "Recipe: Orchid Malevolence", 
            "name": "item_recipe_orchid", 
            "recipe": 1, 
            "secret_shop": 0, 
            "cost": 775, 
            "side_shop": 0, 
            "url_image": "http://cdn.dota2.com/apps/dota2/images/items/recipe_orchid_lg.png", 
            "id": 97
        }, 
        {
            "localized_name": "Orchid Malevolence", 
            "name": "item_orchid", 
            "recipe": 0, 
            "secret_shop": 0, 
            "cost": 4075, 
            "side_shop": 0, 
            "url_image": "http://cdn.dota2.com/apps/dota2/images/items/orchid_lg.png", 
            "id": 98
        }, 
        {
            "localized_name": "Recipe: Bloodthorn", 
            "name": "item_recipe_bloodthorn", 
            "recipe": 1, 
            "secret_shop": 0, 
            "cost": 1000, 
            "side_shop": 0, 
            "url_image": "http://cdn.dota2.com/apps/dota2/images/items/recipe_bloodthorn_lg.png", 
            "id": 245
        }, 
        {
            "localized_name": "Bloodthorn", 
            "name": "item_bloodthorn", 
            "recipe": 0, 
            "secret_shop": 0, 
            "cost": 7195, 
            "side_shop": 0, 
            "url_image": "http://cdn.dota2.com/apps/dota2/images/items/bloodthorn_lg.png", 
            "id": 250
        }, 
        {
            "localized_name": "Recipe: Echo Sabre", 
            "name": "item_recipe_echo_sabre", 
            "recipe": 1, 
            "secret_shop": 0, 
            "cost": 0, 
            "side_shop": 0, 
            "url_image": "http://cdn.dota2.com/apps/dota2/images/items/recipe_echo_sabre_lg.png", 
            "id": 251
        }, 
        {
            "localized_name": "Echo Sabre", 
            "name": "item_echo_sabre", 
            "recipe": 0, 
            "secret_shop": 0, 
            "cost": 2650, 
            "side_shop": 0, 
            "url_image": "http://cdn.dota2.com/apps/dota2/images/items/echo_sabre_lg.png", 
            "id": 252
        }, 
        {
            "localized_name": "Recipe: Eul's Scepter of Divinity", 
            "name": "item_recipe_cyclone", 
            "recipe": 1, 
            "secret_shop": 0, 
            "cost": 650, 
            "side_shop": 0, 
            "url_image": "http://cdn.dota2.com/apps/dota2/images/items/recipe_cyclone_lg.png", 
            "id": 99
        }, 
        {
            "localized_name": "Eul's Scepter of Divinity", 
            "name": "item_cyclone", 
            "recipe": 0, 
            "secret_shop": 0, 
            "cost": 2750, 
            "side_shop": 0, 
            "url_image": "http://cdn.dota2.com/apps/dota2/images/items/cyclone_lg.png", 
            "id": 100
        }, 
        {
            "localized_name": "Recipe: Aether Lens", 
            "name": "item_recipe_aether_lens", 
            "recipe": 1, 
            "secret_shop": 0, 
            "cost": 600, 
            "side_shop": 0, 
            "url_image": "http://cdn.dota2.com/apps/dota2/images/items/recipe_aether_lens_lg.png", 
            "id": 233
        }, 
        {
            "localized_name": "Aether Lens", 
            "name": "item_aether_lens", 
            "recipe": 0, 
            "secret_shop": 0, 
            "cost": 2350, 
            "side_shop": 0, 
            "url_image": "http://cdn.dota2.com/apps/dota2/images/items/aether_lens_lg.png", 
            "id": 232
        }, 
        {
            "localized_name": "Recipe: Force Staff", 
            "name": "item_recipe_force_staff", 
            "recipe": 1, 
            "secret_shop": 0, 
            "cost": 400, 
            "side_shop": 0, 
            "url_image": "http://cdn.dota2.com/apps/dota2/images/items/recipe_force_staff_lg.png", 
            "id": 101
        }, 
        {
            "localized_name": "Force Staff", 
            "name": "item_force_staff", 
            "recipe": 0, 
            "secret_shop": 0, 
            "cost": 2250, 
            "side_shop": 0, 
            "url_image": "http://cdn.dota2.com/apps/dota2/images/items/force_staff_lg.png", 
            "id": 102
        }, 
        {
            "localized_name": "Recipe: Hurricane Pike", 
            "name": "item_recipe_hurricane_pike", 
            "recipe": 1, 
            "secret_shop": 0, 
            "cost": 0, 
            "side_shop": 0, 
            "url_image": "http://cdn.dota2.com/apps/dota2/images/items/recipe_hurricane_pike_lg.png", 
            "id": 262
        }, 
        {
            "localized_name": "Hurricane Pike", 
            "name": "item_hurricane_pike", 
            "recipe": 0, 
            "secret_shop": 0, 
            "cost": 4615, 
            "side_shop": 0, 
            "url_image": "http://cdn.dota2.com/apps/dota2/images/items/hurricane_pike_lg.png", 
            "id": 263
        }, 
        {
            "localized_name": "Recipe: Dagon", 
            "name": "item_recipe_dagon", 
            "recipe": 1, 
            "secret_shop": 0, 
            "cost": 1250, 
            "side_shop": 0, 
            "url_image": "http://cdn.dota2.com/apps/dota2/images/items/recipe_dagon_lg.png", 
            "id": 103
        }, 
        {
            "localized_name": "Recipe: Dagon", 
            "name": "item_recipe_dagon_2", 
            "recipe": 1, 
            "secret_shop": 0, 
            "cost": 0, 
            "side_shop": 0, 
            "url_image": "http://cdn.dota2.com/apps/dota2/images/items/recipe_dagon_2_lg.png", 
            "id": 197
        }, 
        {
            "localized_name": "Recipe: Dagon", 
            "name": "item_recipe_dagon_3", 
            "recipe": 1, 
            "secret_shop": 0, 
            "cost": 0, 
            "side_shop": 0, 
            "url_image": "http://cdn.dota2.com/apps/dota2/images/items/recipe_dagon_3_lg.png", 
            "id": 198
        }, 
        {
            "localized_name": "Recipe: Dagon", 
            "name": "item_recipe_dagon_4", 
            "recipe": 1, 
            "secret_shop": 0, 
            "cost": 0, 
            "side_shop": 0, 
            "url_image": "http://cdn.dota2.com/apps/dota2/images/items/recipe_dagon_4_lg.png", 
            "id": 199
        }, 
        {
            "localized_name": "Recipe: Dagon", 
            "name": "item_recipe_dagon_5", 
            "recipe": 1, 
            "secret_shop": 0, 
            "cost": 0, 
            "side_shop": 0, 
            "url_image": "http://cdn.dota2.com/apps/dota2/images/items/recipe_dagon_5_lg.png", 
            "id": 200
        }, 
        {
            "localized_name": "Dagon", 
            "name": "item_dagon", 
            "recipe": 0, 
            "secret_shop": 0, 
            "cost": 2715, 
            "side_shop": 0, 
            "url_image": "http://cdn.dota2.com/apps/dota2/images/items/dagon_lg.png", 
            "id": 104
        }, 
        {
            "localized_name": "Dagon", 
            "name": "item_dagon_2", 
            "recipe": 0, 
            "secret_shop": 0, 
            "cost": 3965, 
            "side_shop": 0, 
            "url_image": "http://cdn.dota2.com/apps/dota2/images/items/dagon_2_lg.png", 
            "id": 201
        }, 
        {
            "localized_name": "Dagon", 
            "name": "item_dagon_3", 
            "recipe": 0, 
            "secret_shop": 0, 
            "cost": 5215, 
            "side_shop": 0, 
            "url_image": "http://cdn.dota2.com/apps/dota2/images/items/dagon_3_lg.png", 
            "id": 202
        }, 
        {
            "localized_name": "Dagon", 
            "name": "item_dagon_4", 
            "recipe": 0, 
            "secret_shop": 0, 
            "cost": 6465, 
            "side_shop": 0, 
            "url_image": "http://cdn.dota2.com/apps/dota2/images/items/dagon_4_lg.png", 
            "id": 203
        }, 
        {
            "localized_name": "Dagon", 
            "name": "item_dagon_5", 
            "recipe": 0, 
            "secret_shop": 0, 
            "cost": 7715, 
            "side_shop": 0, 
            "url_image": "http://cdn.dota2.com/apps/dota2/images/items/dagon_5_lg.png", 
            "id": 204
        }, 
        {
            "localized_name": "Recipe: Necronomicon", 
            "name": "item_recipe_necronomicon", 
            "recipe": 1, 
            "secret_shop": 0, 
            "cost": 1300, 
            "side_shop": 0, 
            "url_image": "http://cdn.dota2.com/apps/dota2/images/items/recipe_necronomicon_lg.png", 
            "id": 105
        }, 
        {
            "localized_name": "Recipe: Necronomicon", 
            "name": "item_recipe_necronomicon_2", 
            "recipe": 1, 
            "secret_shop": 0, 
            "cost": 0, 
            "side_shop": 0, 
            "url_image": "http://cdn.dota2.com/apps/dota2/images/items/recipe_necronomicon_2_lg.png", 
            "id": 191
        }, 
        {
            "localized_name": "Recipe: Necronomicon", 
            "name": "item_recipe_necronomicon_3", 
            "recipe": 1, 
            "secret_shop": 0, 
            "cost": 0, 
            "side_shop": 0, 
            "url_image": "http://cdn.dota2.com/apps/dota2/images/items/recipe_necronomicon_3_lg.png", 
            "id": 192
        }, 
        {
            "localized_name": "Necronomicon", 
            "name": "item_necronomicon", 
            "recipe": 0, 
            "secret_shop": 0, 
            "cost": 2400, 
            "side_shop": 0, 
            "url_image": "http://cdn.dota2.com/apps/dota2/images/items/necronomicon_lg.png", 
            "id": 106
        }, 
        {
            "localized_name": "Necronomicon", 
            "name": "item_necronomicon_2", 
            "recipe": 0, 
            "secret_shop": 0, 
            "cost": 3700, 
            "side_shop": 0, 
            "url_image": "http://cdn.dota2.com/apps/dota2/images/items/necronomicon_2_lg.png", 
            "id": 193
        }, 
        {
            "localized_name": "Necronomicon", 
            "name": "item_necronomicon_3", 
            "recipe": 0, 
            "secret_shop": 0, 
            "cost": 5000, 
            "side_shop": 0, 
            "url_image": "http://cdn.dota2.com/apps/dota2/images/items/necronomicon_3_lg.png", 
            "id": 194
        }, 
        {
            "localized_name": "Recipe: Aghanim's Scepter", 
            "name": "item_recipe_ultimate_scepter", 
            "recipe": 1, 
            "secret_shop": 0, 
            "cost": 0, 
            "side_shop": 0, 
            "url_image": "http://cdn.dota2.com/apps/dota2/images/items/recipe_ultimate_scepter_lg.png", 
            "id": 107
        }, 
        {
            "localized_name": "Aghanim's Scepter", 
            "name": "item_ultimate_scepter", 
            "recipe": 0, 
            "secret_shop": 0, 
            "cost": 4200, 
            "side_shop": 0, 
            "url_image": "http://cdn.dota2.com/apps/dota2/images/items/ultimate_scepter_lg.png", 
            "id": 108
        }, 
        {
            "localized_name": "Recipe: Refresher Orb", 
            "name": "item_recipe_refresher", 
            "recipe": 1, 
            "secret_shop": 0, 
            "cost": 1800, 
            "side_shop": 0, 
            "url_image": "http://cdn.dota2.com/apps/dota2/images/items/recipe_refresher_lg.png", 
            "id": 109
        }, 
        {
            "localized_name": "Refresher Orb", 
            "name": "item_refresher", 
            "recipe": 0, 
            "secret_shop": 0, 
            "cost": 5200, 
            "side_shop": 0, 
            "url_image": "http://cdn.dota2.com/apps/dota2/images/items/refresher_lg.png", 
            "id": 110
        }, 
        {
            "localized_name": "Recipe: Assault Cuirass", 
            "name": "item_recipe_assault", 
            "recipe": 1, 
            "secret_shop": 0, 
            "cost": 1300, 
            "side_shop": 0, 
            "url_image": "http://cdn.dota2.com/apps/dota2/images/items/recipe_assault_lg.png", 
            "id": 111
        }, 
        {
            "localized_name": "Assault Cuirass", 
            "name": "item_assault", 
            "recipe": 0, 
            "secret_shop": 0, 
            "cost": 5250, 
            "side_shop": 0, 
            "url_image": "http://cdn.dota2.com/apps/dota2/images/items/assault_lg.png", 
            "id": 112
        }, 
        {
            "localized_name": "Recipe: Heart of Tarrasque", 
            "name": "item_recipe_heart", 
            "recipe": 1, 
            "secret_shop": 0, 
            "cost": 0, 
            "side_shop": 0, 
            "url_image": "http://cdn.dota2.com/apps/dota2/images/items/recipe_heart_lg.png", 
            "id": 113
        }, 
        {
            "localized_name": "Heart of Tarrasque", 
            "name": "item_heart", 
            "recipe": 0, 
            "secret_shop": 0, 
            "cost": 5200, 
            "side_shop": 0, 
            "url_image": "http://cdn.dota2.com/apps/dota2/images/items/heart_lg.png", 
            "id": 114
        }, 
        {
            "localized_name": "Recipe: Black King Bar", 
            "name": "item_recipe_black_king_bar", 
            "recipe": 1, 
            "secret_shop": 0, 
            "cost": 1375, 
            "side_shop": 0, 
            "url_image": "http://cdn.dota2.com/apps/dota2/images/items/recipe_black_king_bar_lg.png", 
            "id": 115
        }, 
        {
            "localized_name": "Black King Bar", 
            "name": "item_black_king_bar", 
            "recipe": 0, 
            "secret_shop": 0, 
            "cost": 3975, 
            "side_shop": 0, 
            "url_image": "http://cdn.dota2.com/apps/dota2/images/items/black_king_bar_lg.png", 
            "id": 116
        }, 
        {
            "localized_name": "Aegis of the Immortal", 
            "name": "item_aegis", 
            "recipe": 0, 
            "secret_shop": 0, 
            "cost": 0, 
            "side_shop": 0, 
            "url_image": "http://cdn.dota2.com/apps/dota2/images/items/aegis_lg.png", 
            "id": 117
        }, 
        {
            "localized_name": "Recipe: Shiva's Guard", 
            "name": "item_recipe_shivas_guard", 
            "recipe": 1, 
            "secret_shop": 0, 
            "cost": 650, 
            "side_shop": 0, 
            "url_image": "http://cdn.dota2.com/apps/dota2/images/items/recipe_shivas_guard_lg.png", 
            "id": 118
        }, 
        {
            "localized_name": "Shiva's Guard", 
            "name": "item_shivas_guard", 
            "recipe": 0, 
            "secret_shop": 0, 
            "cost": 4750, 
            "side_shop": 0, 
            "url_image": "http://cdn.dota2.com/apps/dota2/images/items/shivas_guard_lg.png", 
            "id": 119
        }, 
        {
            "localized_name": "Recipe: Bloodstone", 
            "name": "item_recipe_bloodstone", 
            "recipe": 1, 
            "secret_shop": 0, 
            "cost": 0, 
            "side_shop": 0, 
            "url_image": "http://cdn.dota2.com/apps/dota2/images/items/recipe_bloodstone_lg.png", 
            "id": 120
        }, 
        {
            "localized_name": "Bloodstone", 
            "name": "item_bloodstone", 
            "recipe": 0, 
            "secret_shop": 0, 
            "cost": 4900, 
            "side_shop": 0, 
            "url_image": "http://cdn.dota2.com/apps/dota2/images/items/bloodstone_lg.png", 
            "id": 121
        }, 
        {
            "localized_name": "Recipe: Linken's Sphere", 
            "name": "item_recipe_sphere", 
            "recipe": 1, 
            "secret_shop": 0, 
            "cost": 1000, 
            "side_shop": 0, 
            "url_image": "http://cdn.dota2.com/apps/dota2/images/items/recipe_sphere_lg.png", 
            "id": 122
        }, 
        {
            "localized_name": "Linken's Sphere", 
            "name": "item_sphere", 
            "recipe": 0, 
            "secret_shop": 0, 
            "cost": 4850, 
            "side_shop": 0, 
            "url_image": "http://cdn.dota2.com/apps/dota2/images/items/sphere_lg.png", 
            "id": 123
        }, 
        {
            "localized_name": "Recipe: Lotus Orb", 
            "name": "item_recipe_lotus_orb", 
            "recipe": 1, 
            "secret_shop": 0, 
            "cost": 0, 
            "side_shop": 0, 
            "url_image": "http://cdn.dota2.com/apps/dota2/images/items/recipe_lotus_orb_lg.png", 
            "id": 221
        }, 
        {
            "localized_name": "Lotus Orb", 
            "name": "item_lotus_orb", 
            "recipe": 0, 
            "secret_shop": 0, 
            "cost": 4000, 
            "side_shop": 0, 
            "url_image": "http://cdn.dota2.com/apps/dota2/images/items/lotus_orb_lg.png", 
            "id": 226
        }, 
        {
            "localized_name": "Recipe: Meteor Hammer", 
            "name": "item_recipe_meteor_hammer", 
            "recipe": 1, 
            "secret_shop": 0, 
            "cost": 0, 
            "side_shop": 0, 
            "url_image": "http://cdn.dota2.com/apps/dota2/images/items/recipe_meteor_hammer_lg.png", 
            "id": 222
        }, 
        {
            "localized_name": "Meteor Hammer", 
            "name": "item_meteor_hammer", 
            "recipe": 0, 
            "secret_shop": 0, 
            "cost": 2625, 
            "side_shop": 0, 
            "url_image": "http://cdn.dota2.com/apps/dota2/images/items/meteor_hammer_lg.png", 
            "id": 223
        }, 
        {
            "localized_name": "Recipe: Nullifier", 
            "name": "item_recipe_nullifier", 
            "recipe": 1, 
            "secret_shop": 0, 
            "cost": 0, 
            "side_shop": 0, 
            "url_image": "http://cdn.dota2.com/apps/dota2/images/items/recipe_nullifier_lg.png", 
            "id": 224
        }, 
        {
            "localized_name": "Nullifier", 
            "name": "item_nullifier", 
            "recipe": 0, 
            "secret_shop": 0, 
            "cost": 4700, 
            "side_shop": 0, 
            "url_image": "http://cdn.dota2.com/apps/dota2/images/items/nullifier_lg.png", 
            "id": 225
        }, 
        {
            "localized_name": "Recipe: Aeon Disk", 
            "name": "item_recipe_combo_breaker", 
            "recipe": 1, 
            "secret_shop": 0, 
            "cost": 1675, 
            "side_shop": 0, 
            "url_image": "http://cdn.dota2.com/apps/dota2/images/items/recipe_combo_breaker_lg.png", 
            "id": 255
        }, 
        {
            "localized_name": "Aeon Disk", 
            "name": "item_combo_breaker", 
            "recipe": 0, 
            "secret_shop": 0, 
            "cost": 3675, 
            "side_shop": 0, 
            "url_image": "http://cdn.dota2.com/apps/dota2/images/items/combo_breaker_lg.png", 
            "id": 256
        }, 
        {
            "localized_name": "Recipe: Kaya", 
            "name": "item_recipe_trident", 
            "recipe": 1, 
            "secret_shop": 0, 
            "cost": 500, 
            "side_shop": 0, 
            "url_image": "http://cdn.dota2.com/apps/dota2/images/items/recipe_trident_lg.png", 
            "id": 258
        }, 
        {
            "localized_name": "Kaya", 
            "name": "item_trident", 
            "recipe": 0, 
            "secret_shop": 0, 
            "cost": 1950, 
            "side_shop": 0, 
            "url_image": "http://cdn.dota2.com/apps/dota2/images/items/trident_lg.png", 
            "id": 259
        }, 
        {
            "localized_name": "Refresher Shard", 
            "name": "item_refresher_shard", 
            "recipe": 0, 
            "secret_shop": 0, 
            "cost": 1000, 
            "side_shop": 0, 
            "url_image": "http://cdn.dota2.com/apps/dota2/images/items/refresher_shard_lg.png", 
            "id": 260
        }, 
        {
            "localized_name": "Recipe: Spirit Vessel", 
            "name": "item_recipe_spirit_vessel", 
            "recipe": 1, 
            "secret_shop": 0, 
            "cost": 600, 
            "side_shop": 0, 
            "url_image": "http://cdn.dota2.com/apps/dota2/images/items/recipe_spirit_vessel_lg.png", 
            "id": 266
        }, 
        {
            "localized_name": "Spirit Vessel", 
            "name": "item_spirit_vessel", 
            "recipe": 0, 
            "secret_shop": 0, 
            "cost": 2825, 
            "side_shop": 0, 
            "url_image": "http://cdn.dota2.com/apps/dota2/images/items/spirit_vessel_lg.png", 
            "id": 267
        }, 
        {
            "localized_name": "Recipe: Vanguard", 
            "name": "item_recipe_vanguard", 
            "recipe": 1, 
            "secret_shop": 0, 
            "cost": 0, 
            "side_shop": 0, 
            "url_image": "http://cdn.dota2.com/apps/dota2/images/items/recipe_vanguard_lg.png", 
            "id": 124
        }, 
        {
            "localized_name": "Vanguard", 
            "name": "item_vanguard", 
            "recipe": 0, 
            "secret_shop": 0, 
            "cost": 2150, 
            "side_shop": 0, 
            "url_image": "http://cdn.dota2.com/apps/dota2/images/items/vanguard_lg.png", 
            "id": 125
        }, 
        {
            "localized_name": "Recipe: Crimson Guard", 
            "name": "item_recipe_crimson_guard", 
            "recipe": 1, 
            "secret_shop": 0, 
            "cost": 600, 
            "side_shop": 0, 
            "url_image": "http://cdn.dota2.com/apps/dota2/images/items/recipe_crimson_guard_lg.png", 
            "id": 243
        }, 
        {
            "localized_name": "Crimson Guard", 
            "name": "item_crimson_guard", 
            "recipe": 0, 
            "secret_shop": 0, 
            "cost": 3550, 
            "side_shop": 0, 
            "url_image": "http://cdn.dota2.com/apps/dota2/images/items/crimson_guard_lg.png", 
            "id": 242
        }, 
        {
            "localized_name": "Recipe: Blade Mail", 
            "name": "item_recipe_blade_mail", 
            "recipe": 1, 
            "secret_shop": 0, 
            "cost": 0, 
            "side_shop": 0, 
            "url_image": "http://cdn.dota2.com/apps/dota2/images/items/recipe_blade_mail_lg.png", 
            "id": 126
        }, 
        {
            "localized_name": "Blade Mail", 
            "name": "item_blade_mail", 
            "recipe": 0, 
            "secret_shop": 0, 
            "cost": 2200, 
            "side_shop": 0, 
            "url_image": "http://cdn.dota2.com/apps/dota2/images/items/blade_mail_lg.png", 
            "id": 127
        }, 
        {
            "localized_name": "Recipe: Soul Booster", 
            "name": "item_recipe_soul_booster", 
            "recipe": 1, 
            "secret_shop": 0, 
            "cost": 0, 
            "side_shop": 0, 
            "url_image": "http://cdn.dota2.com/apps/dota2/images/items/recipe_soul_booster_lg.png", 
            "id": 128
        }, 
        {
            "localized_name": "Soul Booster", 
            "name": "item_soul_booster", 
            "recipe": 0, 
            "secret_shop": 0, 
            "cost": 3200, 
            "side_shop": 0, 
            "url_image": "http://cdn.dota2.com/apps/dota2/images/items/soul_booster_lg.png", 
            "id": 129
        }, 
        {
            "localized_name": "Recipe: Hood of Defiance", 
            "name": "item_recipe_hood_of_defiance", 
            "recipe": 1, 
            "secret_shop": 0, 
            "cost": 0, 
            "side_shop": 0, 
            "url_image": "http://cdn.dota2.com/apps/dota2/images/items/recipe_hood_of_defiance_lg.png", 
            "id": 130
        }, 
        {
            "localized_name": "Hood of Defiance", 
            "name": "item_hood_of_defiance", 
            "recipe": 0, 
            "secret_shop": 0, 
            "cost": 1700, 
            "side_shop": 0, 
            "url_image": "http://cdn.dota2.com/apps/dota2/images/items/hood_of_defiance_lg.png", 
            "id": 131
        }, 
        {
            "localized_name": "Recipe: Divine Rapier", 
            "name": "item_recipe_rapier", 
            "recipe": 1, 
            "secret_shop": 0, 
            "cost": 0, 
            "side_shop": 0, 
            "url_image": "http://cdn.dota2.com/apps/dota2/images/items/recipe_rapier_lg.png", 
            "id": 132
        }, 
        {
            "localized_name": "Divine Rapier", 
            "name": "item_rapier", 
            "recipe": 0, 
            "secret_shop": 0, 
            "cost": 6000, 
            "side_shop": 0, 
            "url_image": "http://cdn.dota2.com/apps/dota2/images/items/rapier_lg.png", 
            "id": 133
        }, 
        {
            "localized_name": "Recipe: Monkey King Bar", 
            "name": "item_recipe_monkey_king_bar", 
            "recipe": 1, 
            "secret_shop": 0, 
            "cost": 0, 
            "side_shop": 0, 
            "url_image": "http://cdn.dota2.com/apps/dota2/images/items/recipe_monkey_king_bar_lg.png", 
            "id": 134
        }, 
        {
            "localized_name": "Monkey King Bar", 
            "name": "item_monkey_king_bar", 
            "recipe": 0, 
            "secret_shop": 0, 
            "cost": 4200, 
            "side_shop": 0, 
            "url_image": "http://cdn.dota2.com/apps/dota2/images/items/monkey_king_bar_lg.png", 
            "id": 135
        }, 
        {
            "localized_name": "Recipe: Radiance", 
            "name": "item_recipe_radiance", 
            "recipe": 1, 
            "secret_shop": 0, 
            "cost": 1350, 
            "side_shop": 0, 
            "url_image": "http://cdn.dota2.com/apps/dota2/images/items/recipe_radiance_lg.png", 
            "id": 136
        }, 
        {
            "localized_name": "Radiance", 
            "name": "item_radiance", 
            "recipe": 0, 
            "secret_shop": 0, 
            "cost": 5150, 
            "side_shop": 0, 
            "url_image": "http://cdn.dota2.com/apps/dota2/images/items/radiance_lg.png", 
            "id": 137
        }, 
        {
            "localized_name": "Recipe: Butterfly", 
            "name": "item_recipe_butterfly", 
            "recipe": 1, 
            "secret_shop": 0, 
            "cost": 0, 
            "side_shop": 0, 
            "url_image": "http://cdn.dota2.com/apps/dota2/images/items/recipe_butterfly_lg.png", 
            "id": 138
        }, 
        {
            "localized_name": "Butterfly", 
            "name": "item_butterfly", 
            "recipe": 0, 
            "secret_shop": 0, 
            "cost": 5525, 
            "side_shop": 0, 
            "url_image": "http://cdn.dota2.com/apps/dota2/images/items/butterfly_lg.png", 
            "id": 139
        }, 
        {
            "localized_name": "Recipe: Daedalus", 
            "name": "item_recipe_greater_crit", 
            "recipe": 1, 
            "secret_shop": 0, 
            "cost": 1000, 
            "side_shop": 0, 
            "url_image": "http://cdn.dota2.com/apps/dota2/images/items/recipe_greater_crit_lg.png", 
            "id": 140
        }, 
        {
            "localized_name": "Daedalus", 
            "name": "item_greater_crit", 
            "recipe": 0, 
            "secret_shop": 0, 
            "cost": 5320, 
            "side_shop": 0, 
            "url_image": "http://cdn.dota2.com/apps/dota2/images/items/greater_crit_lg.png", 
            "id": 141
        }, 
        {
            "localized_name": "Recipe: Skull Basher", 
            "name": "item_recipe_basher", 
            "recipe": 1, 
            "secret_shop": 0, 
            "cost": 1150, 
            "side_shop": 0, 
            "url_image": "http://cdn.dota2.com/apps/dota2/images/items/recipe_basher_lg.png", 
            "id": 142
        }, 
        {
            "localized_name": "Skull Basher", 
            "name": "item_basher", 
            "recipe": 0, 
            "secret_shop": 0, 
            "cost": 2700, 
            "side_shop": 0, 
            "url_image": "http://cdn.dota2.com/apps/dota2/images/items/basher_lg.png", 
            "id": 143
        }, 
        {
            "localized_name": "Recipe: Battle Fury", 
            "name": "item_recipe_bfury", 
            "recipe": 1, 
            "secret_shop": 0, 
            "cost": 0, 
            "side_shop": 0, 
            "url_image": "http://cdn.dota2.com/apps/dota2/images/items/recipe_bfury_lg.png", 
            "id": 144
        }, 
        {
            "localized_name": "Battle Fury", 
            "name": "item_bfury", 
            "recipe": 0, 
            "secret_shop": 0, 
            "cost": 4100, 
            "side_shop": 0, 
            "url_image": "http://cdn.dota2.com/apps/dota2/images/items/bfury_lg.png", 
            "id": 145
        }, 
        {
            "localized_name": "Recipe: Manta Style", 
            "name": "item_recipe_manta", 
            "recipe": 1, 
            "secret_shop": 0, 
            "cost": 900, 
            "side_shop": 0, 
            "url_image": "http://cdn.dota2.com/apps/dota2/images/items/recipe_manta_lg.png", 
            "id": 146
        }, 
        {
            "localized_name": "Manta Style", 
            "name": "item_manta", 
            "recipe": 0, 
            "secret_shop": 0, 
            "cost": 5000, 
            "side_shop": 0, 
            "url_image": "http://cdn.dota2.com/apps/dota2/images/items/manta_lg.png", 
            "id": 147
        }, 
        {
            "localized_name": "Recipe: Crystalys", 
            "name": "item_recipe_lesser_crit", 
            "recipe": 1, 
            "secret_shop": 0, 
            "cost": 500, 
            "side_shop": 0, 
            "url_image": "http://cdn.dota2.com/apps/dota2/images/items/recipe_lesser_crit_lg.png", 
            "id": 148
        }, 
        {
            "localized_name": "Crystalys", 
            "name": "item_lesser_crit", 
            "recipe": 0, 
            "secret_shop": 0, 
            "cost": 2120, 
            "side_shop": 0, 
            "url_image": "http://cdn.dota2.com/apps/dota2/images/items/lesser_crit_lg.png", 
            "id": 149
        }, 
        {
            "localized_name": "Recipe: Dragon Lance", 
            "name": "item_recipe_dragon_lance", 
            "recipe": 1, 
            "secret_shop": 0, 
            "cost": 0, 
            "side_shop": 0, 
            "url_image": "http://cdn.dota2.com/apps/dota2/images/items/recipe_dragon_lance_lg.png", 
            "id": 234
        }, 
        {
            "localized_name": "Dragon Lance", 
            "name": "item_dragon_lance", 
            "recipe": 0, 
            "secret_shop": 0, 
            "cost": 1900, 
            "side_shop": 0, 
            "url_image": "http://cdn.dota2.com/apps/dota2/images/items/dragon_lance_lg.png", 
            "id": 236
        }, 
        {
            "localized_name": "Recipe: Armlet of Mordiggian", 
            "name": "item_recipe_armlet", 
            "recipe": 1, 
            "secret_shop": 0, 
            "cost": 550, 
            "side_shop": 0, 
            "url_image": "http://cdn.dota2.com/apps/dota2/images/items/recipe_armlet_lg.png", 
            "id": 150
        }, 
        {
            "localized_name": "Armlet of Mordiggian", 
            "name": "item_armlet", 
            "recipe": 0, 
            "secret_shop": 0, 
            "cost": 2370, 
            "side_shop": 0, 
            "url_image": "http://cdn.dota2.com/apps/dota2/images/items/armlet_lg.png", 
            "id": 151
        }, 
        {
            "localized_name": "Recipe: Shadow Blade", 
            "name": "item_recipe_invis_sword", 
            "recipe": 1, 
            "secret_shop": 0, 
            "cost": 0, 
            "side_shop": 0, 
            "url_image": "http://cdn.dota2.com/apps/dota2/images/items/recipe_invis_sword_lg.png", 
            "id": 183
        }, 
        {
            "localized_name": "Shadow Blade", 
            "name": "item_invis_sword", 
            "recipe": 0, 
            "secret_shop": 0, 
            "cost": 2700, 
            "side_shop": 0, 
            "url_image": "http://cdn.dota2.com/apps/dota2/images/items/invis_sword_lg.png", 
            "id": 152
        }, 
        {
            "localized_name": "Recipe: Silver Edge", 
            "name": "item_recipe_silver_edge", 
            "recipe": 1, 
            "secret_shop": 0, 
            "cost": 700, 
            "side_shop": 0, 
            "url_image": "http://cdn.dota2.com/apps/dota2/images/items/recipe_silver_edge_lg.png", 
            "id": 248
        }, 
        {
            "localized_name": "Silver Edge", 
            "name": "item_silver_edge", 
            "recipe": 0, 
            "secret_shop": 0, 
            "cost": 5550, 
            "side_shop": 0, 
            "url_image": "http://cdn.dota2.com/apps/dota2/images/items/silver_edge_lg.png", 
            "id": 249
        }, 
        {
            "localized_name": "Recipe: Sange and Yasha", 
            "name": "item_recipe_sange_and_yasha", 
            "recipe": 1, 
            "secret_shop": 0, 
            "cost": 0, 
            "side_shop": 0, 
            "url_image": "http://cdn.dota2.com/apps/dota2/images/items/recipe_sange_and_yasha_lg.png", 
            "id": 153
        }, 
        {
            "localized_name": "Sange and Yasha", 
            "name": "item_sange_and_yasha", 
            "recipe": 0, 
            "secret_shop": 0, 
            "cost": 3900, 
            "side_shop": 0, 
            "url_image": "http://cdn.dota2.com/apps/dota2/images/items/sange_and_yasha_lg.png", 
            "id": 154
        }, 
        {
            "localized_name": "Recipe: Satanic", 
            "name": "item_recipe_satanic", 
            "recipe": 1, 
            "secret_shop": 0, 
            "cost": 0, 
            "side_shop": 0, 
            "url_image": "http://cdn.dota2.com/apps/dota2/images/items/recipe_satanic_lg.png", 
            "id": 155
        }, 
        {
            "localized_name": "Satanic", 
            "name": "item_satanic", 
            "recipe": 0, 
            "secret_shop": 0, 
            "cost": 5500, 
            "side_shop": 0, 
            "url_image": "http://cdn.dota2.com/apps/dota2/images/items/satanic_lg.png", 
            "id": 156
        }, 
        {
            "localized_name": "Recipe: Mjollnir", 
            "name": "item_recipe_mjollnir", 
            "recipe": 1, 
            "secret_shop": 0, 
            "cost": 900, 
            "side_shop": 0, 
            "url_image": "http://cdn.dota2.com/apps/dota2/images/items/recipe_mjollnir_lg.png", 
            "id": 157
        }, 
        {
            "localized_name": "Mjollnir", 
            "name": "item_mjollnir", 
            "recipe": 0, 
            "secret_shop": 0, 
            "cost": 5700, 
            "side_shop": 0, 
            "url_image": "http://cdn.dota2.com/apps/dota2/images/items/mjollnir_lg.png", 
            "id": 158
        }, 
        {
            "localized_name": "Recipe: Eye of Skadi", 
            "name": "item_recipe_skadi", 
            "recipe": 1, 
            "secret_shop": 0, 
            "cost": 0, 
            "side_shop": 0, 
            "url_image": "http://cdn.dota2.com/apps/dota2/images/items/recipe_skadi_lg.png", 
            "id": 159
        }, 
        {
            "localized_name": "Eye of Skadi", 
            "name": "item_skadi", 
            "recipe": 0, 
            "secret_shop": 0, 
            "cost": 5500, 
            "side_shop": 0, 
            "url_image": "http://cdn.dota2.com/apps/dota2/images/items/skadi_lg.png", 
            "id": 160
        }, 
        {
            "localized_name": "Recipe: Sange", 
            "name": "item_recipe_sange", 
            "recipe": 1, 
            "secret_shop": 0, 
            "cost": 500, 
            "side_shop": 0, 
            "url_image": "http://cdn.dota2.com/apps/dota2/images/items/recipe_sange_lg.png", 
            "id": 161
        }, 
        {
            "localized_name": "Sange", 
            "name": "item_sange", 
            "recipe": 0, 
            "secret_shop": 0, 
            "cost": 1950, 
            "side_shop": 0, 
            "url_image": "http://cdn.dota2.com/apps/dota2/images/items/sange_lg.png", 
            "id": 162
        }, 
        {
            "localized_name": "Recipe: Helm of the Dominator", 
            "name": "item_recipe_helm_of_the_dominator", 
            "recipe": 1, 
            "secret_shop": 0, 
            "cost": 0, 
            "side_shop": 0, 
            "url_image": "http://cdn.dota2.com/apps/dota2/images/items/recipe_helm_of_the_dominator_lg.png", 
            "id": 163
        }, 
        {
            "localized_name": "Helm of the Dominator", 
            "name": "item_helm_of_the_dominator", 
            "recipe": 0, 
            "secret_shop": 0, 
            "cost": 2000, 
            "side_shop": 0, 
            "url_image": "http://cdn.dota2.com/apps/dota2/images/items/helm_of_the_dominator_lg.png", 
            "id": 164
        }, 
        {
            "localized_name": "Recipe: Maelstrom", 
            "name": "item_recipe_maelstrom", 
            "recipe": 1, 
            "secret_shop": 0, 
            "cost": 700, 
            "side_shop": 0, 
            "url_image": "http://cdn.dota2.com/apps/dota2/images/items/recipe_maelstrom_lg.png", 
            "id": 165
        }, 
        {
            "localized_name": "Maelstrom", 
            "name": "item_maelstrom", 
            "recipe": 0, 
            "secret_shop": 0, 
            "cost": 2800, 
            "side_shop": 0, 
            "url_image": "http://cdn.dota2.com/apps/dota2/images/items/maelstrom_lg.png", 
            "id": 166
        }, 
        {
            "localized_name": "Recipe: Desolator", 
            "name": "item_recipe_desolator", 
            "recipe": 1, 
            "secret_shop": 0, 
            "cost": 0, 
            "side_shop": 0, 
            "url_image": "http://cdn.dota2.com/apps/dota2/images/items/recipe_desolator_lg.png", 
            "id": 167
        }, 
        {
            "localized_name": "Desolator", 
            "name": "item_desolator", 
            "recipe": 0, 
            "secret_shop": 0, 
            "cost": 3500, 
            "side_shop": 0, 
            "url_image": "http://cdn.dota2.com/apps/dota2/images/items/desolator_lg.png", 
            "id": 168
        }, 
        {
            "localized_name": "Recipe: Yasha", 
            "name": "item_recipe_yasha", 
            "recipe": 1, 
            "secret_shop": 0, 
            "cost": 500, 
            "side_shop": 0, 
            "url_image": "http://cdn.dota2.com/apps/dota2/images/items/recipe_yasha_lg.png", 
            "id": 169
        }, 
        {
            "localized_name": "Yasha", 
            "name": "item_yasha", 
            "recipe": 0, 
            "secret_shop": 0, 
            "cost": 1950, 
            "side_shop": 0, 
            "url_image": "http://cdn.dota2.com/apps/dota2/images/items/yasha_lg.png", 
            "id": 170
        }, 
        {
            "localized_name": "Recipe: Mask of Madness", 
            "name": "item_recipe_mask_of_madness", 
            "recipe": 1, 
            "secret_shop": 0, 
            "cost": 0, 
            "side_shop": 0, 
            "url_image": "http://cdn.dota2.com/apps/dota2/images/items/recipe_mask_of_madness_lg.png", 
            "id": 171
        }, 
        {
            "localized_name": "Mask of Madness", 
            "name": "item_mask_of_madness", 
            "recipe": 0, 
            "secret_shop": 0, 
            "cost": 1975, 
            "side_shop": 0, 
            "url_image": "http://cdn.dota2.com/apps/dota2/images/items/mask_of_madness_lg.png", 
            "id": 172
        }, 
        {
            "localized_name": "Recipe: Diffusal Blade", 
            "name": "item_recipe_diffusal_blade", 
            "recipe": 1, 
            "secret_shop": 0, 
            "cost": 700, 
            "side_shop": 0, 
            "url_image": "http://cdn.dota2.com/apps/dota2/images/items/recipe_diffusal_blade_lg.png", 
            "id": 173
        }, 
        {
            "localized_name": "Diffusal Blade", 
            "name": "item_diffusal_blade", 
            "recipe": 0, 
            "secret_shop": 0, 
            "cost": 3150, 
            "side_shop": 0, 
            "url_image": "http://cdn.dota2.com/apps/dota2/images/items/diffusal_blade_lg.png", 
            "id": 174
        }, 
        {
            "localized_name": "Recipe: Ethereal Blade", 
            "name": "item_recipe_ethereal_blade", 
            "recipe": 1, 
            "secret_shop": 0, 
            "cost": 0, 
            "side_shop": 0, 
            "url_image": "http://cdn.dota2.com/apps/dota2/images/items/recipe_ethereal_blade_lg.png", 
            "id": 175
        }, 
        {
            "localized_name": "Ethereal Blade", 
            "name": "item_ethereal_blade", 
            "recipe": 0, 
            "secret_shop": 0, 
            "cost": 4700, 
            "side_shop": 0, 
            "url_image": "http://cdn.dota2.com/apps/dota2/images/items/ethereal_blade_lg.png", 
            "id": 176
        }, 
        {
            "localized_name": "Recipe: Soul Ring", 
            "name": "item_recipe_soul_ring", 
            "recipe": 1, 
            "secret_shop": 0, 
            "cost": 185, 
            "side_shop": 0, 
            "url_image": "http://cdn.dota2.com/apps/dota2/images/items/recipe_soul_ring_lg.png", 
            "id": 177
        }, 
        {
            "localized_name": "Soul Ring", 
            "name": "item_soul_ring", 
            "recipe": 0, 
            "secret_shop": 0, 
            "cost": 755, 
            "side_shop": 0, 
            "url_image": "http://cdn.dota2.com/apps/dota2/images/items/soul_ring_lg.png", 
            "id": 178
        }, 
        {
            "localized_name": "Recipe: Arcane Boots", 
            "name": "item_recipe_arcane_boots", 
            "recipe": 1, 
            "secret_shop": 0, 
            "cost": 0, 
            "side_shop": 0, 
            "url_image": "http://cdn.dota2.com/apps/dota2/images/items/recipe_arcane_boots_lg.png", 
            "id": 179
        }, 
        {
            "localized_name": "Arcane Boots", 
            "name": "item_arcane_boots", 
            "recipe": 0, 
            "secret_shop": 0, 
            "cost": 1300, 
            "side_shop": 0, 
            "url_image": "http://cdn.dota2.com/apps/dota2/images/items/arcane_boots_lg.png", 
            "id": 180
        }, 
        {
            "localized_name": "Recipe: Octarine Core", 
            "name": "item_recipe_octarine_core", 
            "recipe": 1, 
            "secret_shop": 0, 
            "cost": 0, 
            "side_shop": 0, 
            "url_image": "http://cdn.dota2.com/apps/dota2/images/items/recipe_octarine_core_lg.png", 
            "id": 228
        }, 
        {
            "localized_name": "Octarine Core", 
            "name": "item_octarine_core", 
            "recipe": 0, 
            "secret_shop": 0, 
            "cost": 5900, 
            "side_shop": 0, 
            "url_image": "http://cdn.dota2.com/apps/dota2/images/items/octarine_core_lg.png", 
            "id": 235
        }, 
        {
            "localized_name": "Orb of Venom", 
            "name": "item_orb_of_venom", 
            "recipe": 0, 
            "secret_shop": 0, 
            "cost": 275, 
            "side_shop": 0, 
            "url_image": "http://cdn.dota2.com/apps/dota2/images/items/orb_of_venom_lg.png", 
            "id": 181
        }, 
        {
            "localized_name": "Blight Stone", 
            "name": "item_blight_stone", 
            "recipe": 0, 
            "secret_shop": 0, 
            "cost": 300, 
            "side_shop": 0, 
            "url_image": "http://cdn.dota2.com/apps/dota2/images/items/blight_stone_lg.png", 
            "id": 240
        }, 
        {
            "localized_name": "Recipe: Drum of Endurance", 
            "name": "item_recipe_ancient_janggo", 
            "recipe": 1, 
            "secret_shop": 0, 
            "cost": 575, 
            "side_shop": 0, 
            "url_image": "http://cdn.dota2.com/apps/dota2/images/items/recipe_ancient_janggo_lg.png", 
            "id": 184
        }, 
        {
            "localized_name": "Drum of Endurance", 
            "name": "item_ancient_janggo", 
            "recipe": 0, 
            "secret_shop": 0, 
            "cost": 1615, 
            "side_shop": 0, 
            "url_image": "http://cdn.dota2.com/apps/dota2/images/items/ancient_janggo_lg.png", 
            "id": 185
        }, 
        {
            "localized_name": "Recipe: Medallion of Courage", 
            "name": "item_recipe_medallion_of_courage", 
            "recipe": 1, 
            "secret_shop": 0, 
            "cost": 0, 
            "side_shop": 0, 
            "url_image": "http://cdn.dota2.com/apps/dota2/images/items/recipe_medallion_of_courage_lg.png", 
            "id": 186
        }, 
        {
            "localized_name": "Medallion of Courage", 
            "name": "item_medallion_of_courage", 
            "recipe": 0, 
            "secret_shop": 0, 
            "cost": 1175, 
            "side_shop": 0, 
            "url_image": "http://cdn.dota2.com/apps/dota2/images/items/medallion_of_courage_lg.png", 
            "id": 187
        }, 
        {
            "localized_name": "Recipe: Solar Crest", 
            "name": "item_recipe_solar_crest", 
            "recipe": 1, 
            "secret_shop": 0, 
            "cost": 0, 
            "side_shop": 0, 
            "url_image": "http://cdn.dota2.com/apps/dota2/images/items/recipe_solar_crest_lg.png", 
            "id": 227
        }, 
        {
            "localized_name": "Solar Crest", 
            "name": "item_solar_crest", 
            "recipe": 0, 
            "secret_shop": 0, 
            "cost": 2625, 
            "side_shop": 0, 
            "url_image": "http://cdn.dota2.com/apps/dota2/images/items/solar_crest_lg.png", 
            "id": 229
        }, 
        {
            "localized_name": "Smoke of Deceit", 
            "name": "item_smoke_of_deceit", 
            "recipe": 0, 
            "secret_shop": 0, 
            "cost": 80, 
            "side_shop": 0, 
            "url_image": "http://cdn.dota2.com/apps/dota2/images/items/smoke_of_deceit_lg.png", 
            "id": 188
        }, 
        {
            "localized_name": "Tome of Knowledge", 
            "name": "item_tome_of_knowledge", 
            "recipe": 0, 
            "secret_shop": 0, 
            "cost": 150, 
            "side_shop": 0, 
            "url_image": "http://cdn.dota2.com/apps/dota2/images/items/tome_of_knowledge_lg.png", 
            "id": 257
        }, 
        {
            "localized_name": "Recipe: Veil of Discord", 
            "name": "item_recipe_veil_of_discord", 
            "recipe": 1, 
            "secret_shop": 0, 
            "cost": 500, 
            "side_shop": 0, 
            "url_image": "http://cdn.dota2.com/apps/dota2/images/items/recipe_veil_of_discord_lg.png", 
            "id": 189
        }, 
        {
            "localized_name": "Veil of Discord", 
            "name": "item_veil_of_discord", 
            "recipe": 0, 
            "secret_shop": 0, 
            "cost": 2330, 
            "side_shop": 0, 
            "url_image": "http://cdn.dota2.com/apps/dota2/images/items/veil_of_discord_lg.png", 
            "id": 190
        }, 
        {
            "localized_name": "Recipe: Guardian Greaves", 
            "name": "item_recipe_guardian_greaves", 
            "recipe": 1, 
            "secret_shop": 0, 
            "cost": 1700, 
            "side_shop": 0, 
            "url_image": "http://cdn.dota2.com/apps/dota2/images/items/recipe_guardian_greaves_lg.png", 
            "id": 230
        }, 
        {
            "localized_name": "Guardian Greaves", 
            "name": "item_guardian_greaves", 
            "recipe": 0, 
            "secret_shop": 0, 
            "cost": 5350, 
            "side_shop": 0, 
            "url_image": "http://cdn.dota2.com/apps/dota2/images/items/guardian_greaves_lg.png", 
            "id": 231
        }, 
        {
            "localized_name": "Recipe: Rod of Atos", 
            "name": "item_recipe_rod_of_atos", 
            "recipe": 1, 
            "secret_shop": 0, 
            "cost": 1100, 
            "side_shop": 0, 
            "url_image": "http://cdn.dota2.com/apps/dota2/images/items/recipe_rod_of_atos_lg.png", 
            "id": 205
        }, 
        {
            "localized_name": "Rod of Atos", 
            "name": "item_rod_of_atos", 
            "recipe": 0, 
            "secret_shop": 0, 
            "cost": 3030, 
            "side_shop": 0, 
            "url_image": "http://cdn.dota2.com/apps/dota2/images/items/rod_of_atos_lg.png", 
            "id": 206
        }, 
        {
            "localized_name": "Iron Talon Recipe", 
            "name": "item_recipe_iron_talon", 
            "recipe": 1, 
            "secret_shop": 0, 
            "cost": 0, 
            "side_shop": 0, 
            "url_image": "http://cdn.dota2.com/apps/dota2/images/items/recipe_iron_talon_lg.png", 
            "id": 238
        }, 
        {
            "localized_name": "Iron Talon", 
            "name": "item_iron_talon", 
            "recipe": 0, 
            "secret_shop": 0, 
            "cost": 0, 
            "side_shop": 0, 
            "url_image": "http://cdn.dota2.com/apps/dota2/images/items/iron_talon_lg.png", 
            "id": 239
        }, 
        {
            "localized_name": "Recipe: Abyssal Blade", 
            "name": "item_recipe_abyssal_blade", 
            "recipe": 1, 
            "secret_shop": 0, 
            "cost": 1550, 
            "side_shop": 0, 
            "url_image": "http://cdn.dota2.com/apps/dota2/images/items/recipe_abyssal_blade_lg.png", 
            "id": 207
        }, 
        {
            "localized_name": "Abyssal Blade", 
            "name": "item_abyssal_blade", 
            "recipe": 0, 
            "secret_shop": 0, 
            "cost": 6400, 
            "side_shop": 0, 
            "url_image": "http://cdn.dota2.com/apps/dota2/images/items/abyssal_blade_lg.png", 
            "id": 208
        }, 
        {
            "localized_name": "Recipe: Heaven's Halberd", 
            "name": "item_recipe_heavens_halberd", 
            "recipe": 1, 
            "secret_shop": 0, 
            "cost": 0, 
            "side_shop": 0, 
            "url_image": "http://cdn.dota2.com/apps/dota2/images/items/recipe_heavens_halberd_lg.png", 
            "id": 209
        }, 
        {
            "localized_name": "Heaven's Halberd", 
            "name": "item_heavens_halberd", 
            "recipe": 0, 
            "secret_shop": 0, 
            "cost": 3400, 
            "side_shop": 0, 
            "url_image": "http://cdn.dota2.com/apps/dota2/images/items/heavens_halberd_lg.png", 
            "id": 210
        }, 
        {
            "localized_name": "Recipe: Ring of Aquila", 
            "name": "item_recipe_ring_of_aquila", 
            "recipe": 1, 
            "secret_shop": 0, 
            "cost": 0, 
            "side_shop": 0, 
            "url_image": "http://cdn.dota2.com/apps/dota2/images/items/recipe_ring_of_aquila_lg.png", 
            "id": 211
        }, 
        {
            "localized_name": "Ring of Aquila", 
            "name": "item_ring_of_aquila", 
            "recipe": 0, 
            "secret_shop": 0, 
            "cost": 965, 
            "side_shop": 0, 
            "url_image": "http://cdn.dota2.com/apps/dota2/images/items/ring_of_aquila_lg.png", 
            "id": 212
        }, 
        {
            "localized_name": "Recipe: Tranquil Boots", 
            "name": "item_recipe_tranquil_boots", 
            "recipe": 1, 
            "secret_shop": 0, 
            "cost": 0, 
            "side_shop": 0, 
            "url_image": "http://cdn.dota2.com/apps/dota2/images/items/recipe_tranquil_boots_lg.png", 
            "id": 213
        }, 
        {
            "localized_name": "Tranquil Boots", 
            "name": "item_tranquil_boots", 
            "recipe": 0, 
            "secret_shop": 0, 
            "cost": 950, 
            "side_shop": 0, 
            "url_image": "http://cdn.dota2.com/apps/dota2/images/items/tranquil_boots_lg.png", 
            "id": 214
        }, 
        {
            "localized_name": "Shadow Amulet", 
            "name": "item_shadow_amulet", 
            "recipe": 0, 
            "secret_shop": 0, 
            "cost": 1300, 
            "side_shop": 0, 
            "url_image": "http://cdn.dota2.com/apps/dota2/images/items/shadow_amulet_lg.png", 
            "id": 215
        }, 
        {
            "localized_name": "Recipe: Glimmer Cape", 
            "name": "item_recipe_glimmer_cape", 
            "recipe": 1, 
            "secret_shop": 0, 
            "cost": 0, 
            "side_shop": 0, 
            "url_image": "http://cdn.dota2.com/apps/dota2/images/items/recipe_glimmer_cape_lg.png", 
            "id": 253
        }, 
        {
            "localized_name": "Glimmer Cape", 
            "name": "item_glimmer_cape", 
            "recipe": 0, 
            "secret_shop": 0, 
            "cost": 1850, 
            "side_shop": 0, 
            "url_image": "http://cdn.dota2.com/apps/dota2/images/items/glimmer_cape_lg.png", 
            "id": 254
        }, 
        {
            "localized_name": "River Vial: Chrome", 
            "name": "item_river_painter", 
            "recipe": 0, 
            "secret_shop": 0, 
            "cost": 0, 
            "side_shop": 0, 
            "url_image": "http://cdn.dota2.com/apps/dota2/images/items/river_painter_lg.png", 
            "id": 1021
        }, 
        {
            "localized_name": "River Vial: Dry", 
            "name": "item_river_painter2", 
            "recipe": 0, 
            "secret_shop": 0, 
            "cost": 0, 
            "side_shop": 0, 
            "url_image": "http://cdn.dota2.com/apps/dota2/images/items/river_painter2_lg.png", 
            "id": 1022
        }, 
        {
            "localized_name": "River Vial: Slime", 
            "name": "item_river_painter3", 
            "recipe": 0, 
            "secret_shop": 0, 
            "cost": 0, 
            "side_shop": 0, 
            "url_image": "http://cdn.dota2.com/apps/dota2/images/items/river_painter3_lg.png", 
            "id": 1023
        }, 
        {
            "localized_name": "River Vial: Oil", 
            "name": "item_river_painter4", 
            "recipe": 0, 
            "secret_shop": 0, 
            "cost": 0, 
            "side_shop": 0, 
            "url_image": "http://cdn.dota2.com/apps/dota2/images/items/river_painter4_lg.png", 
            "id": 1024
        }, 
        {
            "localized_name": "River Vial: Electrified", 
            "name": "item_river_painter5", 
            "recipe": 0, 
            "secret_shop": 0, 
            "cost": 0, 
            "side_shop": 0, 
            "url_image": "http://cdn.dota2.com/apps/dota2/images/items/river_painter5_lg.png", 
            "id": 1025
        }, 
        {
            "localized_name": "River Vial: Potion", 
            "name": "item_river_painter6", 
            "recipe": 0, 
            "secret_shop": 0, 
            "cost": 0, 
            "side_shop": 0, 
            "url_image": "http://cdn.dota2.com/apps/dota2/images/items/river_painter6_lg.png", 
            "id": 1026
        }, 
        {
            "localized_name": "River Vial: Blood", 
            "name": "item_river_painter7", 
            "recipe": 0, 
            "secret_shop": 0, 
            "cost": 0, 
            "side_shop": 0, 
            "url_image": "http://cdn.dota2.com/apps/dota2/images/items/river_painter7_lg.png", 
            "id": 1027
        }
    ]
}